Age,Attrition,DistanceFromHome,Education,EnvironmentSatisfaction,JobInvolvement,JobLevel,JobSatisfaction,MonthlyIncome,NumCompaniesWorked,OverTime,PercentSalaryHike,PerformanceRating,RelationshipSatisfaction,StockOptionLevel,TotalWorkingYears,TrainingTimesLastYear,WorkLifeBalance,YearsAtCompany,YearsInCurrentRole,YearsSinceLastPromotion,YearsWithCurrManager,income_per_year,years_since_promotion_ratio,satisfaction_score,BusinessTravel_Travel_Frequently,BusinessTravel_Travel_Rarely,Department_Research & Development,Department_Sales,EducationField_Life Sciences,EducationField_Marketing,EducationField_Medical,EducationField_Other,EducationField_Technical Degree,Gender_Male,JobRole_Human Resources,JobRole_Laboratory Technician,JobRole_Manager,JobRole_Manufacturing Director,JobRole_Research Director,JobRole_Research Scientist,JobRole_Sales Executive,JobRole_Sales Representative,MaritalStatus_Married,MaritalStatus_Single
41,1,1,2,2,3,2,4,5993,8,1,11,3,1,0,8,0,1,6,4,0,5,8989.5,0.0,2.3333333333333335,0,1,0,1,1,0,0,0,0,0,0,0,0,0,0,0,1,0,0,1
49,0,8,1,3,2,2,2,5130,1,0,23,4,4,1,10,3,3,10,7,1,7,6156.0,0.1,2.6666666666666665,1,0,1,0,1,0,0,0,0,1,0,0,0,0,0,1,0,0,1,0
37,1,2,2,4,2,1,3,2090,6,1,15,3,2,0,7,3,3,0,0,0,0,3582.8571428571427,0.0,3.3333333333333335,0,1,1,0,0,0,0,1,0,1,0,1,0,0,0,0,0,0,0,1
33,0,3,4,4,3,1,3,2909,1,1,11,3,3,0,8,3,3,8,7,3,0,4363.5,0.375,3.3333333333333335,1,0,1,0,1,0,0,0,0,0,0,0,0,0,0,1,0,0,1,0
27,0,2,1,1,3,1,2,3468,9,0,12,3,4,1,6,3,3,2,2,2,2,6936.0,0.3333333333333333,2.0,0,1,1,0,0,0,1,0,0,1,0,1,0,0,0,0,0,0,1,0
32,0,2,2,4,3,1,4,3068,0,0,13,3,3,0,8,2,2,7,7,3,6,4602.0,0.375,3.3333333333333335,1,0,1,0,1,0,0,0,0,1,0,1,0,0,0,0,0,0,0,1
59,0,3,3,3,4,1,1,2670,4,1,20,4,1,3,12,3,2,1,0,0,0,2670.0,0.0,2.0,0,1,1,0,0,0,1,0,0,0,0,1,0,0,0,0,0,0,1,0
30,0,24,1,4,3,1,3,2693,1,0,22,4,2,1,1,2,3,1,0,0,0,32316.0,0.0,3.3333333333333335,0,1,1,0,1,0,0,0,0,1,0,1,0,0,0,0,0,0,0,0
38,0,23,3,4,2,3,3,9526,0,0,21,4,2,0,10,2,3,9,7,1,8,11431.2,0.1,3.3333333333333335,1,0,1,0,1,0,0,0,0,1,0,0,0,1,0,0,0,0,0,1
36,0,27,3,3,3,2,3,5237,6,0,13,3,2,2,17,3,2,7,7,7,7,3696.705882352941,0.4117647058823529,2.6666666666666665,0,1,1,0,0,0,1,0,0,1,0,0,0,0,0,0,0,0,1,0
35,0,16,3,1,4,1,2,2426,0,0,13,3,3,1,6,5,3,5,4,0,3,4852.0,0.0,2.0,0,1,1,0,0,0,1,0,0,1,0,1,0,0,0,0,0,0,1,0
29,0,15,2,4,2,2,3,4193,0,1,12,3,4,0,10,3,3,9,5,0,8,5031.6,0.0,3.3333333333333335,0,1,1,0,1,0,0,0,0,0,0,1,0,0,0,0,0,0,0,1
31,0,26,1,1,3,1,3,2911,1,0,17,3,4,1,5,1,2,5,2,4,3,6986.4,0.8,2.0,0,1,1,0,1,0,0,0,0,1,0,0,0,0,0,1,0,0,0,0
34,0,19,2,2,3,1,4,2661,0,0,11,3,3,1,3,2,3,2,2,1,2,10644.0,0.3333333333333333,3.0,0,1,1,0,0,0,1,0,0,1,0,1,0,0,0,0,0,0,0,0
28,1,24,3,3,2,1,3,2028,5,1,14,3,2,0,6,4,3,4,2,0,3,4056.0,0.0,3.0,0,1,1,0,1,0,0,0,0,1,0,1,0,0,0,0,0,0,0,1
29,0,21,4,2,4,3,1,9980,1,0,11,3,3,1,10,1,3,10,9,8,8,11976.0,0.8,2.0,0,1,1,0,1,0,0,0,0,0,0,0,0,1,0,0,0,0,0,0
32,0,5,2,1,4,1,2,3298,0,1,12,3,4,2,7,5,2,6,2,0,5,5653.714285714285,0.0,1.6666666666666667,0,1,1,0,1,0,0,0,0,1,0,0,0,0,0,1,0,0,0,0
22,0,16,2,4,4,1,4,2935,1,1,13,3,2,2,1,2,2,1,0,0,0,35220.0,0.0,3.3333333333333335,0,0,1,0,0,0,1,0,0,1,0,1,0,0,0,0,0,0,0,0
53,0,2,4,1,2,4,4,15427,2,0,16,3,3,0,31,3,3,25,8,3,7,5971.741935483871,0.0967741935483871,2.6666666666666665,0,1,0,1,1,0,0,0,0,0,0,0,1,0,0,0,0,0,1,0
38,0,2,3,4,3,1,4,3944,5,1,11,3,3,0,6,3,3,3,2,1,2,7888.0,0.16666666666666666,3.6666666666666665,0,1,1,0,1,0,0,0,0,1,0,0,0,0,0,1,0,0,0,1
24,0,11,2,1,4,2,3,4011,0,0,18,3,4,1,5,5,2,4,2,1,3,9626.4,0.2,2.0,0,0,1,0,0,0,0,1,0,0,0,0,0,1,0,0,0,0,0,0
36,1,9,4,3,2,1,1,3407,7,0,23,4,2,0,10,4,3,5,3,0,3,4088.4,0.0,2.3333333333333335,0,1,0,1,1,0,0,0,0,1,0,0,0,0,0,0,0,1,0,1
34,0,7,4,1,3,3,2,11994,0,0,11,3,3,0,13,4,3,12,6,2,11,11071.384615384615,0.15384615384615385,2.0,0,1,1,0,1,0,0,0,0,0,0,0,0,0,1,0,0,0,0,1
21,0,15,2,3,3,1,4,1232,1,0,14,3,4,0,0,6,3,0,0,0,0,14784.0,0.0,3.3333333333333335,0,1,1,0,1,0,0,0,0,1,0,0,0,0,0,1,0,0,0,1
34,1,6,1,2,3,1,1,2960,2,0,11,3,3,0,8,2,3,4,2,1,3,4440.0,0.125,2.0,0,1,1,0,0,0,1,0,0,1,0,0,0,0,0,1,0,0,0,1
53,0,5,3,3,3,5,3,19094,4,0,11,3,4,1,26,3,2,14,13,4,8,8812.615384615385,0.15384615384615385,2.6666666666666665,0,1,1,0,0,0,0,1,0,0,0,0,1,0,0,0,0,0,0,0
32,1,16,1,2,1,1,1,3919,1,1,22,4,2,0,10,5,3,10,2,6,7,4702.8,0.6,2.0,1,0,1,0,1,0,0,0,0,0,0,0,0,0,0,1,0,0,0,1
42,0,8,4,3,3,2,2,6825,0,0,11,3,4,1,10,2,3,9,7,4,2,8190.0,0.4,2.6666666666666665,0,1,0,1,0,1,0,0,0,1,0,0,0,0,0,0,1,0,1,0
44,0,7,4,1,2,3,4,10248,3,0,14,3,4,1,24,4,3,22,6,5,17,5124.0,0.20833333333333334,2.6666666666666665,0,1,1,0,0,0,1,0,0,0,0,0,0,0,0,0,0,0,1,0
46,0,2,4,2,3,5,1,18947,3,0,12,3,4,0,22,2,2,2,2,2,1,10334.727272727272,0.09090909090909091,1.6666666666666667,0,1,0,1,0,1,0,0,0,0,0,0,1,0,0,0,0,0,0,1
33,0,2,3,3,3,1,4,2496,4,0,11,3,4,0,7,3,3,1,1,0,0,4278.857142857143,0.0,3.3333333333333335,0,1,1,0,0,0,1,0,0,1,0,1,0,0,0,0,0,0,0,1
44,0,10,4,4,3,2,4,6465,2,1,13,3,4,0,9,5,4,4,2,1,3,8620.0,0.1111111111111111,4.0,0,1,1,0,0,0,0,1,0,1,0,0,0,0,0,0,0,0,1,0
30,0,9,2,4,2,1,3,2206,1,0,13,3,1,0,10,5,3,10,0,1,8,2647.2,0.1,3.3333333333333335,0,1,1,0,0,0,1,0,0,1,0,1,0,0,0,0,0,0,0,1
39,1,5,3,4,3,2,4,2086,3,0,14,3,3,1,19,6,4,1,0,0,0,1317.4736842105262,0.0,4.0,0,1,0,1,0,0,0,0,1,1,0,0,0,0,0,0,0,1,1,0
24,1,1,3,2,3,1,4,2293,2,1,16,3,1,1,6,2,2,2,0,2,0,4586.0,0.3333333333333333,2.6666666666666665,0,1,1,0,0,0,1,0,0,1,0,0,0,0,0,1,0,0,1,0
43,0,2,2,4,4,1,3,2645,1,0,12,3,4,2,6,3,2,5,3,1,4,5290.0,0.16666666666666666,3.0,0,1,1,0,0,0,1,0,0,0,0,0,0,0,0,1,0,0,0,0
50,1,3,2,1,2,1,3,2683,1,1,14,3,3,0,3,2,3,3,2,0,2,10732.0,0.0,2.3333333333333335,0,1,0,1,0,1,0,0,0,1,0,0,0,0,0,0,0,1,1,0
35,0,2,3,4,3,1,4,2014,1,0,13,3,1,0,2,3,3,2,2,2,2,12084.0,1.0,3.6666666666666665,0,1,0,1,0,1,0,0,0,0,0,0,0,0,0,0,0,1,1,0
36,0,5,4,2,2,1,1,3419,9,1,14,3,4,1,6,3,4,1,1,0,0,6838.0,0.0,2.3333333333333335,0,1,1,0,1,0,0,0,0,0,0,0,0,0,0,1,0,0,1,0
33,0,1,3,3,4,2,1,5376,2,0,19,3,1,2,10,3,3,5,3,1,3,6451.2,0.1,2.3333333333333335,1,0,0,1,1,0,0,0,0,0,0,0,0,0,0,0,1,0,1,0
35,0,4,2,3,3,1,4,1951,1,0,12,3,3,1,1,3,3,1,0,0,0,23412.0,0.0,3.3333333333333335,0,1,1,0,0,0,0,1,0,1,0,1,0,0,0,0,0,0,0,0
27,0,2,4,4,3,1,1,2341,1,0,13,3,4,1,1,6,3,1,0,0,0,28092.0,0.0,2.6666666666666665,0,1,1,0,1,0,0,0,0,0,0,1,0,0,0,0,0,0,0,0
26,1,25,3,1,1,1,3,2293,1,0,12,3,3,0,1,2,2,1,0,0,1,27516.0,0.0,2.0,0,1,1,0,1,0,0,0,0,1,0,1,0,0,0,0,0,0,0,1
27,0,8,3,4,3,3,3,8726,1,0,15,3,4,0,9,0,3,9,8,1,7,11634.666666666666,0.1111111111111111,3.3333333333333335,1,0,0,1,1,0,0,0,0,1,0,0,0,0,0,0,1,0,0,1
30,0,1,2,3,3,2,4,4011,1,0,23,4,4,0,12,2,3,12,8,3,7,4011.0,0.25,3.3333333333333335,1,0,1,0,0,0,1,0,0,0,0,1,0,0,0,0,0,0,0,1
41,1,12,3,2,3,5,3,19545,1,0,12,3,4,0,23,0,3,22,15,15,8,10197.391304347826,0.6521739130434783,2.6666666666666665,0,1,1,0,0,0,0,0,1,0,0,0,0,0,1,0,0,0,1,0
34,0,23,4,2,3,2,3,4568,0,0,20,4,3,0,10,2,3,9,5,8,7,5481.6,0.8,2.6666666666666665,0,0,0,1,0,1,0,0,0,1,0,0,0,0,0,0,1,0,0,1
37,0,19,2,2,3,1,2,3022,4,0,21,4,1,0,8,1,3,1,0,0,0,4533.0,0.0,2.3333333333333335,0,1,1,0,1,0,0,0,0,1,0,0,0,0,0,1,0,0,1,0
46,0,5,4,1,3,2,4,5772,4,1,21,4,3,0,14,4,3,9,6,0,8,4947.428571428572,0.0,2.6666666666666665,1,0,0,1,0,1,0,0,0,1,0,0,0,0,0,0,1,0,0,1
35,0,8,1,4,4,1,4,2269,1,0,19,3,4,0,1,2,3,1,0,0,1,27228.0,0.0,3.6666666666666665,0,1,1,0,1,0,0,0,0,1,0,1,0,0,0,0,0,0,1,0
48,1,1,2,1,2,3,3,5381,9,1,13,3,4,0,23,2,3,1,0,0,0,2807.478260869565,0.0,2.3333333333333335,0,1,1,0,1,0,0,0,0,1,0,1,0,0,0,0,0,0,0,1
28,1,5,4,3,3,1,3,3441,1,1,13,3,3,0,2,3,2,2,2,2,2,20646.0,1.0,2.6666666666666665,0,1,1,0,0,0,0,0,1,1,0,1,0,0,0,0,0,0,0,1
44,0,1,5,2,3,2,1,5454,5,1,21,4,3,1,9,2,2,4,3,1,3,7272.0,0.1111111111111111,1.6666666666666667,0,1,0,1,0,1,0,0,0,0,0,0,0,0,0,0,1,0,0,0
35,0,11,2,3,2,3,1,9884,2,1,13,3,3,1,10,3,3,4,0,2,3,11860.8,0.2,2.3333333333333335,0,0,1,0,0,0,1,0,0,1,0,0,0,0,0,0,0,0,1,0
26,0,23,3,3,2,2,4,4157,7,1,19,3,3,1,5,2,2,2,2,0,0,9976.8,0.0,3.0,0,1,0,1,0,1,0,0,0,0,0,0,0,0,0,0,1,0,1,0
33,0,1,2,1,3,3,4,13458,1,1,12,3,3,0,15,1,3,15,14,8,12,10766.4,0.5333333333333333,2.6666666666666665,1,0,1,0,1,0,0,0,0,0,0,0,0,0,1,0,0,0,0,1
35,0,18,5,2,3,3,1,9069,1,0,22,4,4,1,9,3,2,9,8,1,8,12092.0,0.1111111111111111,1.6666666666666667,1,0,0,1,1,0,0,0,0,1,0,0,0,0,0,0,1,0,1,0
35,0,23,4,3,3,1,1,4014,3,1,15,3,3,1,4,3,3,2,2,2,2,12042.0,0.5,2.3333333333333335,0,1,1,0,0,0,1,0,0,0,0,1,0,0,0,0,0,0,1,0
31,0,7,4,4,3,2,4,5915,3,0,22,4,4,1,10,3,2,7,7,1,7,7098.0,0.1,3.3333333333333335,0,1,1,0,1,0,0,0,0,1,0,1,0,0,0,0,0,0,0,0
37,0,1,4,1,2,2,3,5993,1,0,18,3,3,1,7,2,4,7,5,0,7,10273.714285714286,0.0,2.6666666666666665,0,1,1,0,1,0,0,0,0,1,0,0,0,1,0,0,0,0,0,0
32,0,1,3,1,3,2,4,6162,1,1,22,4,2,1,9,3,3,9,8,7,8,8216.0,0.7777777777777778,2.6666666666666665,0,1,1,0,0,0,1,0,0,1,0,0,0,1,0,0,0,0,1,0
38,0,29,5,4,3,2,4,2406,1,0,11,3,4,0,10,2,3,10,3,9,9,2887.2,0.9,3.6666666666666665,1,0,1,0,1,0,0,0,0,0,0,1,0,0,0,0,0,0,0,1
50,0,7,2,2,2,5,3,18740,5,1,12,3,4,1,29,2,2,27,3,13,8,7754.482758620689,0.4482758620689655,2.3333333333333335,0,1,1,0,0,0,1,0,0,0,0,0,0,0,1,0,0,0,0,0
59,0,25,3,1,3,3,1,7637,7,0,11,3,4,0,28,3,2,21,16,7,9,3273.0,0.25,1.3333333333333333,0,1,0,1,1,0,0,0,0,0,0,0,0,0,0,0,1,0,0,1
36,0,8,3,3,3,3,3,10096,1,0,13,3,2,3,17,2,3,17,14,12,8,7126.588235294118,0.7058823529411765,3.0,0,1,1,0,0,0,0,0,1,0,0,0,0,0,0,0,0,0,0,0
55,0,8,3,4,3,4,3,14756,2,1,14,3,3,3,21,2,3,5,0,0,2,8432.0,0.0,3.3333333333333335,0,1,1,0,0,0,1,0,0,0,0,0,1,0,0,0,0,0,0,0
36,0,11,3,2,2,2,2,6499,1,0,13,3,3,0,6,3,3,6,5,0,3,12998.0,0.0,2.3333333333333335,1,0,1,0,1,0,0,0,0,1,0,0,0,1,0,0,0,0,0,1
45,0,7,3,2,3,3,1,9724,2,0,17,3,3,1,25,2,3,1,0,0,0,4667.52,0.0,2.0,0,1,1,0,1,0,0,0,0,1,0,0,0,0,0,1,0,0,0,0
35,0,1,3,2,3,1,1,2194,4,0,13,3,4,1,5,2,2,3,2,1,2,5265.6,0.2,1.6666666666666667,1,0,1,0,0,0,1,0,0,1,0,0,0,0,0,1,0,0,1,0
36,1,9,3,4,2,1,3,3388,0,1,17,3,1,1,2,0,2,1,0,0,0,20328.0,0.0,3.0,0,1,1,0,0,0,1,0,0,1,0,0,0,0,0,1,0,0,1,0
59,0,1,1,1,2,2,3,5473,7,0,11,3,4,0,20,2,2,4,3,1,3,3283.8,0.05,2.0,1,0,0,1,1,0,0,0,0,0,0,0,0,0,0,0,1,0,0,1
29,0,2,3,3,3,1,2,2703,0,0,23,4,4,1,6,3,3,5,4,0,4,5406.0,0.0,2.6666666666666665,0,1,1,0,1,0,0,0,0,1,0,0,0,0,0,1,0,0,1,0
31,0,1,4,3,3,1,2,2501,1,0,17,3,2,0,1,4,3,1,1,1,0,30012.0,1.0,2.6666666666666665,0,1,1,0,0,0,1,0,0,1,0,0,0,0,0,1,0,0,0,1
32,0,1,3,2,3,2,2,6220,1,0,17,3,2,2,10,3,3,10,4,0,9,7464.0,0.0,2.3333333333333335,0,1,1,0,1,0,0,0,0,1,0,0,0,0,0,1,0,0,1,0
36,0,6,3,2,4,1,4,3038,3,0,12,3,2,0,5,3,3,1,0,0,0,7291.2,0.0,3.0,0,1,1,0,1,0,0,0,0,0,0,1,0,0,0,0,0,0,1,0
31,0,8,4,3,3,2,4,4424,1,0,23,4,4,0,11,2,3,11,7,1,8,4826.181818181818,0.09090909090909091,3.3333333333333335,0,1,1,0,1,0,0,0,0,0,0,0,0,1,0,0,0,0,0,1
35,0,1,4,3,2,2,1,4312,0,0,14,3,2,0,16,2,3,15,13,2,8,3234.0,0.125,2.3333333333333335,0,1,0,1,0,1,0,0,0,1,0,0,0,0,0,0,1,0,0,1
45,0,6,4,4,3,3,1,13245,4,1,14,3,2,0,17,3,4,0,0,0,0,9349.411764705883,0.0,3.0,0,1,1,0,0,0,0,1,0,1,0,0,0,0,1,0,0,0,1,0
37,0,7,4,1,3,3,3,13664,4,0,13,3,1,0,16,3,4,5,2,0,2,10248.0,0.0,2.6666666666666665,0,1,1,0,0,0,1,0,0,1,0,0,0,0,1,0,0,0,0,1
46,0,5,2,2,3,2,2,5021,8,1,22,4,4,1,16,2,3,4,2,0,2,3765.75,0.0,2.3333333333333335,0,1,0,0,0,0,1,0,0,1,1,0,0,0,0,0,0,0,0,0
30,0,1,1,4,2,2,4,5126,1,1,12,3,3,2,10,1,2,10,8,3,0,6151.2,0.3,3.3333333333333335,0,1,1,0,1,0,0,0,0,1,0,1,0,0,0,0,0,0,1,0
35,0,1,3,2,2,1,3,2859,1,0,18,3,1,0,6,3,3,6,4,0,4,5718.0,0.0,2.6666666666666665,0,1,1,0,0,0,1,0,0,1,0,0,0,0,0,1,0,0,0,1
55,0,1,2,1,3,3,4,10239,3,0,14,3,4,1,24,4,3,1,0,1,0,5119.5,0.041666666666666664,2.6666666666666665,0,1,0,1,1,0,0,0,0,1,0,0,0,0,0,0,1,0,1,0
38,0,6,3,2,1,2,4,5329,7,1,12,3,4,3,17,3,3,13,11,1,9,3761.6470588235293,0.058823529411764705,3.0,0,0,1,0,0,0,1,0,0,0,0,0,0,0,0,1,0,0,0,0
34,0,1,2,1,3,2,2,4325,1,0,15,3,3,0,5,2,3,5,2,1,3,10380.0,0.2,2.0,0,1,1,0,0,0,1,0,0,1,0,0,0,1,0,0,0,0,1,0
56,0,7,3,4,1,3,4,7260,4,0,11,3,1,0,37,3,2,6,4,0,2,2354.5945945945946,0.0,3.3333333333333335,0,1,1,0,1,0,0,0,0,1,0,0,0,1,0,0,0,0,0,1
23,0,2,1,3,3,1,1,2322,3,0,13,3,3,1,3,3,3,0,0,0,0,9288.0,0.0,2.3333333333333335,0,1,0,1,0,0,0,0,1,1,0,0,0,0,0,0,0,1,0,0
51,0,9,4,4,3,1,4,2075,3,0,23,4,2,2,10,4,3,4,2,0,3,2490.0,0.0,3.6666666666666665,0,1,1,0,1,0,0,0,0,1,0,1,0,0,0,0,0,0,1,0
30,0,2,3,3,2,2,4,4152,1,0,19,3,1,3,11,3,3,11,10,10,8,4529.454545454545,0.9090909090909091,3.3333333333333335,0,1,1,0,1,0,0,0,0,1,0,0,0,0,0,0,0,0,1,0
46,1,9,2,3,2,3,4,9619,1,0,16,3,4,0,9,3,3,9,8,4,7,12825.333333333334,0.4444444444444444,3.3333333333333335,0,1,0,1,0,0,1,0,0,1,0,0,0,0,0,0,1,0,0,1
40,0,1,4,3,2,4,2,13503,1,0,22,4,4,1,22,3,2,22,3,11,11,7365.272727272727,0.5,2.3333333333333335,1,0,1,0,1,0,0,0,0,1,0,0,0,0,0,0,0,0,1,0
51,0,21,4,3,3,2,4,5441,0,1,22,4,4,0,11,2,1,10,7,1,0,5935.636363636364,0.09090909090909091,2.6666666666666665,0,1,0,1,0,1,0,0,0,1,0,0,0,0,0,0,1,0,0,1
30,0,4,2,3,2,2,2,5209,1,1,12,3,2,3,11,4,2,11,8,2,7,5682.545454545455,0.18181818181818182,2.3333333333333335,0,1,0,1,0,0,1,0,0,0,0,0,0,0,0,0,1,0,0,0
46,0,1,3,3,2,3,1,10673,2,1,13,3,3,1,21,5,2,10,9,9,5,6098.857142857143,0.42857142857142855,2.0,1,0,1,0,0,0,1,0,0,1,0,0,0,0,0,0,0,0,1,0
32,0,6,4,2,3,2,3,5010,1,0,16,3,1,0,12,0,3,11,8,5,7,5010.0,0.4166666666666667,2.6666666666666665,0,1,0,1,0,0,1,0,0,1,0,0,0,0,0,0,1,0,0,1
54,0,2,4,1,3,3,3,13549,9,0,12,3,1,1,16,5,1,4,3,0,3,10161.75,0.0,1.6666666666666667,0,1,1,0,0,0,0,0,1,0,0,0,0,0,1,0,0,0,1,0
24,0,3,2,1,3,2,3,4999,0,0,21,4,1,1,4,2,2,3,2,0,2,14997.0,0.0,2.0,0,1,0,1,0,0,0,1,0,0,0,0,0,0,0,0,1,0,1,0
28,0,4,3,2,3,2,3,4221,1,0,15,3,2,0,5,3,4,5,4,0,4,10130.4,0.0,3.0,0,0,0,1,0,0,1,0,0,1,0,0,0,0,0,0,1,0,1,0
58,0,10,4,4,3,4,3,13872,0,0,13,3,3,0,38,1,2,37,10,1,8,4380.631578947368,0.02631578947368421,3.0,0,1,0,1,0,0,1,0,0,1,0,0,0,0,0,0,1,0,0,1
44,0,23,3,2,3,2,2,2042,4,0,12,3,3,1,17,3,4,3,2,1,2,1441.4117647058824,0.058823529411764705,2.6666666666666665,0,0,1,0,0,0,1,0,0,1,0,1,0,0,0,0,0,0,1,0
37,1,6,4,3,3,1,1,2073,4,1,22,4,4,0,7,3,3,3,2,0,2,3553.714285714286,0.0,2.3333333333333335,0,1,0,0,0,0,0,0,0,1,1,0,0,0,0,0,0,0,0,0
32,0,1,1,4,3,1,1,2956,1,0,13,3,4,0,1,2,3,1,0,0,0,35472.0,0.0,2.6666666666666665,0,1,1,0,1,0,0,0,0,1,0,0,0,0,0,1,0,0,0,1
20,1,6,3,4,2,1,4,2926,1,1,18,3,2,0,1,5,3,1,0,1,0,35112.0,1.0,3.6666666666666665,1,0,1,0,1,0,0,0,0,0,0,1,0,0,0,0,0,0,0,1
34,0,6,4,1,3,2,3,4809,1,0,14,3,3,0,16,3,3,16,13,2,10,3606.75,0.125,2.3333333333333335,0,1,1,0,0,0,0,1,0,0,0,0,0,0,0,1,0,0,0,1
37,0,2,2,3,2,2,4,5163,5,0,14,3,4,1,17,2,4,1,0,0,0,3644.470588235294,0.0,3.6666666666666665,0,0,1,0,1,0,0,0,0,1,0,0,0,0,0,0,0,0,0,0
59,0,2,4,3,2,5,4,18844,9,0,21,4,4,1,30,3,3,3,2,2,2,7537.6,0.06666666666666667,3.3333333333333335,0,0,0,0,0,0,0,0,0,0,0,0,1,0,0,0,0,0,1,0
50,0,1,3,1,3,5,2,18172,3,1,19,3,1,0,28,1,2,8,3,0,7,7788.0,0.0,1.6666666666666667,1,0,1,0,1,0,0,0,0,0,0,0,0,0,1,0,0,0,1,0
25,1,5,3,3,2,2,3,5744,1,1,11,3,4,0,6,1,3,6,4,0,3,11488.0,0.0,3.0,0,1,0,1,0,1,0,0,0,1,0,0,0,0,0,0,1,0,0,1
25,0,7,1,4,2,1,4,2889,1,0,11,3,3,2,2,2,3,2,2,2,1,17334.0,1.0,3.6666666666666665,0,1,1,0,0,0,1,0,0,1,0,0,0,0,0,1,0,0,1,0
22,0,15,3,2,3,1,4,2871,1,0,15,3,3,0,1,5,3,0,0,0,0,34452.0,0.0,3.0,0,1,1,0,0,0,1,0,0,0,0,1,0,0,0,0,0,0,0,1
51,0,1,4,1,2,3,1,7484,3,0,20,4,3,0,23,1,2,13,12,12,8,3904.695652173913,0.5217391304347826,1.3333333333333333,1,0,1,0,0,0,1,0,0,0,0,0,0,0,0,0,0,0,0,1
34,1,7,3,1,1,2,3,6074,1,1,24,4,4,0,9,3,3,9,7,0,6,8098.666666666667,0.0,2.3333333333333335,1,0,1,0,1,0,0,0,0,1,0,1,0,0,0,0,0,0,0,1
54,0,26,3,4,4,4,4,17328,2,1,12,3,3,0,23,3,3,5,3,4,4,9040.695652173914,0.17391304347826086,3.6666666666666665,0,0,0,0,0,0,0,0,0,0,0,0,1,0,0,0,0,0,0,1
24,0,18,1,2,3,1,3,2774,0,0,12,3,3,1,6,2,3,5,3,1,2,5548.0,0.16666666666666666,2.6666666666666665,0,1,1,0,1,0,0,0,0,1,0,1,0,0,0,0,0,0,1,0
34,0,6,4,3,2,2,2,4505,6,0,15,3,3,1,12,3,3,1,0,0,0,4505.0,0.0,2.6666666666666665,0,1,1,0,1,0,0,0,0,0,0,0,0,0,0,1,0,0,0,0
37,0,3,3,3,3,3,4,7428,2,0,12,3,1,0,12,3,3,5,3,1,3,7428.0,0.08333333333333333,3.3333333333333335,0,1,0,1,1,0,0,0,0,1,0,0,0,0,0,0,1,0,0,1
34,0,5,3,3,2,3,1,11631,2,0,12,3,4,0,14,6,3,11,10,5,8,9969.42857142857,0.35714285714285715,2.3333333333333335,0,1,1,0,0,0,1,0,0,0,0,0,1,0,0,0,0,0,0,1
36,0,11,2,2,3,3,4,9738,0,0,14,3,3,1,10,6,3,9,7,2,8,11685.6,0.2,3.0,1,0,0,1,0,0,0,0,1,0,0,0,0,0,0,0,1,0,1,0
36,0,3,2,1,3,1,4,2835,5,0,22,4,1,1,7,2,3,1,0,0,0,4860.0,0.0,2.6666666666666665,0,1,1,0,1,0,0,0,0,0,0,1,0,0,0,0,0,0,0,0
43,0,26,2,3,3,4,4,16959,1,1,12,3,4,2,25,3,4,25,12,4,12,8140.32,0.16,3.6666666666666665,1,0,0,1,1,0,0,0,0,1,0,0,1,0,0,0,0,0,1,0
30,0,23,3,1,1,1,3,2613,1,0,25,4,3,3,10,2,2,10,7,0,9,3135.6,0.0,2.0,1,0,1,0,1,0,0,0,0,1,0,0,0,0,0,1,0,0,0,0
33,0,22,2,3,3,2,2,6146,0,0,13,3,1,1,8,2,4,7,7,0,7,9219.0,0.0,3.0,0,0,0,1,0,1,0,0,0,1,0,0,0,0,0,0,1,0,1,0
56,1,14,4,2,3,1,2,4963,9,1,18,3,1,3,7,2,3,5,4,4,3,8508.0,0.5714285714285714,2.3333333333333335,0,1,1,0,1,0,0,0,0,0,0,0,0,0,0,1,0,0,1,0
51,0,6,3,1,3,5,3,19537,7,0,13,3,3,0,23,5,3,20,18,15,15,10193.217391304348,0.6521739130434783,2.3333333333333335,0,1,1,0,1,0,0,0,0,1,0,0,0,0,1,0,0,0,0,1
31,1,6,4,2,1,2,3,6172,4,1,18,3,2,0,12,3,2,7,7,7,7,6172.0,0.5833333333333334,2.3333333333333335,0,1,0,1,1,0,0,0,0,1,0,0,0,0,0,0,1,0,1,0
26,0,6,3,3,2,1,2,2368,1,0,19,3,3,0,5,3,2,5,4,4,3,5683.2,0.8,2.3333333333333335,0,1,1,0,0,0,0,1,0,0,0,0,0,0,0,1,0,0,1,0
58,1,23,4,4,3,3,4,10312,1,0,12,3,4,1,40,3,2,40,10,15,6,3093.6,0.375,3.3333333333333335,0,1,1,0,0,0,1,0,0,0,0,0,0,0,0,0,0,0,1,0
19,1,22,1,4,3,1,3,1675,1,1,19,3,4,0,0,2,2,0,0,0,0,20100.0,0.0,3.0,0,1,0,1,0,1,0,0,0,1,0,0,0,0,0,0,0,1,0,1
22,0,2,1,3,3,1,4,2523,0,0,14,3,3,1,3,2,3,2,1,2,1,10092.0,0.6666666666666666,3.3333333333333335,0,1,1,0,0,0,0,0,1,1,0,1,0,0,0,0,0,0,1,0
49,0,20,4,3,3,2,1,6567,1,0,14,3,3,0,16,2,2,15,11,5,11,4925.25,0.3125,2.0,0,1,1,0,0,0,1,0,0,0,0,0,0,1,0,0,0,0,1,0
43,0,28,3,2,4,1,3,4739,4,0,12,3,4,0,18,2,3,3,2,1,2,3159.3333333333335,0.05555555555555555,2.6666666666666665,1,0,1,0,0,0,1,0,0,0,0,0,0,0,0,1,0,0,0,1
50,0,12,3,3,3,3,4,9208,4,0,11,3,4,0,16,3,3,2,2,2,1,6906.0,0.125,3.3333333333333335,1,0,0,1,0,1,0,0,0,0,0,0,0,0,0,0,1,0,0,1
31,1,20,3,2,1,2,3,4559,3,1,11,3,3,1,4,2,3,2,2,2,2,13677.0,0.5,2.6666666666666665,0,1,0,1,1,0,0,0,0,0,0,0,0,0,0,0,1,0,1,0
41,0,9,1,3,3,3,3,8189,3,1,13,3,3,1,12,2,3,9,7,0,7,8189.0,0.0,3.0,0,1,0,1,1,0,0,0,0,1,0,0,0,0,0,0,1,0,0,0
26,0,25,1,3,3,1,3,2942,1,0,23,4,4,1,8,3,3,8,7,5,7,4413.0,0.625,3.0,0,1,0,0,1,0,0,0,0,0,1,0,0,0,0,0,0,0,1,0
36,0,6,2,2,3,2,2,4941,6,0,20,4,4,2,7,0,3,3,2,0,1,8470.285714285714,0.0,2.3333333333333335,0,1,1,0,0,0,1,0,0,1,0,0,0,1,0,0,0,0,0,0
51,1,8,4,1,1,3,4,10650,2,0,15,3,4,0,18,2,3,4,2,0,3,7100.0,0.0,2.6666666666666665,1,0,1,0,1,0,0,0,0,1,0,0,0,1,0,0,0,0,0,1
39,0,4,4,4,2,2,3,5902,4,0,14,3,3,1,17,1,4,15,11,5,9,4166.117647058823,0.29411764705882354,3.6666666666666665,0,1,0,1,1,0,0,0,0,0,0,0,0,0,0,0,1,0,1,0
25,0,28,3,1,2,2,3,8639,2,0,18,3,4,0,6,3,3,2,2,2,2,17278.0,0.3333333333333333,2.3333333333333335,0,1,0,1,1,0,0,0,0,1,0,0,0,0,0,0,1,0,1,0
30,0,9,3,3,3,2,4,6347,0,1,19,3,4,0,12,2,1,11,9,4,7,6347.0,0.3333333333333333,2.6666666666666665,0,1,0,0,0,0,0,0,0,1,1,0,0,0,0,0,0,0,1,0
32,1,9,3,1,3,1,1,4200,7,0,22,4,1,0,10,2,4,5,4,0,4,5040.0,0.0,2.0,0,1,1,0,0,0,1,0,0,0,0,1,0,0,0,0,0,0,0,1
45,0,29,3,3,3,1,4,3452,5,0,13,3,2,0,9,2,2,6,5,0,3,4602.666666666667,0.0,3.0,0,1,1,0,0,0,1,0,0,1,0,0,0,0,0,1,0,0,0,1
38,0,3,5,4,3,2,3,4317,3,1,20,4,2,0,19,2,3,3,2,2,2,2726.5263157894738,0.10526315789473684,3.3333333333333335,0,1,1,0,0,0,0,0,1,0,0,0,0,0,0,1,0,0,0,1
30,0,18,3,1,3,1,3,2632,1,0,14,3,3,0,5,4,2,5,4,0,4,6316.8,0.0,2.0,0,1,1,0,1,0,0,0,0,0,0,0,0,0,0,1,0,0,0,1
32,0,9,2,4,1,2,4,4668,0,0,17,3,4,3,9,2,4,8,7,0,7,6224.0,0.0,4.0,1,0,0,1,0,0,1,0,0,1,0,0,0,0,0,0,1,0,0,0
30,0,5,3,4,3,1,1,3204,5,0,14,3,4,1,8,3,3,3,2,2,2,4806.0,0.25,2.6666666666666665,0,1,1,0,0,0,0,0,1,0,0,0,0,0,0,1,0,0,0,0
30,0,2,1,2,2,1,4,2720,0,0,13,3,4,0,6,3,3,5,3,1,2,5440.0,0.16666666666666666,3.0,0,1,1,0,0,0,1,0,0,1,0,1,0,0,0,0,0,0,0,1
41,0,10,3,4,2,4,1,17181,4,0,13,3,2,1,21,2,2,7,6,7,7,9817.714285714286,0.3333333333333333,2.3333333333333335,1,0,1,0,1,0,0,0,0,1,0,0,1,0,0,0,0,0,0,0
41,0,9,4,3,3,1,1,2238,2,0,21,4,4,1,7,2,3,5,0,1,4,3836.5714285714284,0.14285714285714285,2.3333333333333335,0,1,1,0,1,0,0,0,0,1,0,1,0,0,0,0,0,0,1,0
19,0,3,1,2,3,1,2,1483,1,0,14,3,4,0,1,3,3,1,0,0,0,17796.0,0.0,2.3333333333333335,0,1,1,0,0,0,1,0,0,0,0,1,0,0,0,0,0,0,0,1
40,0,26,3,2,3,2,2,5605,1,0,11,3,1,1,20,2,3,20,7,2,13,3363.0,0.1,2.3333333333333335,1,0,1,0,0,0,1,0,0,0,0,0,0,0,0,1,0,0,0,0
35,0,1,5,3,3,3,2,7295,1,0,13,3,1,2,10,3,3,10,8,0,6,8754.0,0.0,2.6666666666666665,0,1,0,1,0,1,0,0,0,1,0,0,0,0,0,0,1,0,1,0
53,0,6,2,2,3,2,3,2306,2,1,20,4,4,1,13,3,1,7,7,4,5,2128.6153846153848,0.3076923076923077,2.0,0,1,0,1,0,1,0,0,0,1,0,0,0,0,0,0,0,1,1,0
45,0,9,3,2,3,2,2,2348,8,0,18,3,3,1,20,2,1,17,9,0,15,1408.8,0.0,1.6666666666666667,0,1,1,0,1,0,0,0,0,1,0,1,0,0,0,0,0,0,0,0
32,0,8,3,2,3,3,4,8998,1,0,14,3,4,0,9,2,3,9,8,3,7,11997.333333333334,0.3333333333333333,3.0,1,0,0,1,0,1,0,0,0,0,0,0,0,0,0,0,1,0,0,1
29,0,1,1,4,3,2,3,4319,1,0,13,3,1,1,10,1,3,10,7,0,9,5182.8,0.0,3.3333333333333335,0,0,1,0,0,0,0,0,1,1,0,0,0,1,0,0,0,0,1,0
51,0,7,4,2,2,2,3,6132,2,0,17,3,3,0,10,2,3,1,0,0,0,7358.4,0.0,2.6666666666666665,0,1,1,0,0,0,1,0,0,1,0,0,0,1,0,0,0,0,1,0
58,0,9,3,2,2,1,2,3346,4,1,20,4,2,1,9,3,2,1,0,0,0,4461.333333333333,0.0,2.0,0,1,1,0,0,0,1,0,0,0,0,0,0,0,0,1,0,0,1,0
40,0,4,4,3,2,3,4,10855,7,0,11,3,1,1,15,2,2,12,11,2,11,8684.0,0.13333333333333333,3.0,0,1,0,1,0,1,0,0,0,1,0,0,0,0,0,0,1,0,1,0
34,0,2,4,3,3,1,3,2231,6,0,18,3,4,1,6,3,3,4,3,1,2,4462.0,0.16666666666666666,3.0,1,0,0,1,0,1,0,0,0,0,0,0,0,0,0,0,0,1,1,0
22,0,19,1,3,3,1,4,2323,1,0,24,4,1,2,2,6,3,2,2,2,2,13938.0,1.0,3.3333333333333335,0,1,1,0,0,0,1,0,0,1,0,0,0,0,0,1,0,0,1,0
27,0,9,3,4,3,1,2,2024,6,0,18,3,4,1,6,1,1,2,2,2,2,4048.0,0.3333333333333333,2.3333333333333335,0,0,1,0,0,0,1,0,0,1,0,0,0,0,0,1,0,0,0,0
28,0,21,3,3,3,1,4,2713,1,0,11,3,3,1,5,2,1,5,2,0,2,6511.2,0.0,2.6666666666666665,0,1,1,0,0,0,1,0,0,1,0,0,0,0,0,1,0,0,1,0
57,0,24,2,3,4,3,4,9439,3,1,16,3,2,1,12,2,1,5,3,1,4,9439.0,0.08333333333333333,2.6666666666666665,0,1,1,0,1,0,0,0,0,1,0,0,0,0,0,0,0,0,0,0
27,0,3,3,3,2,1,3,2566,1,1,15,3,4,1,1,2,2,1,1,0,1,30792.0,0.0,2.6666666666666665,0,0,1,0,0,0,1,0,0,1,0,0,0,0,0,1,0,0,0,0
50,0,11,3,3,3,5,2,19926,3,0,15,3,2,0,21,5,3,5,4,4,4,11386.285714285714,0.19047619047619047,2.6666666666666665,0,1,1,0,1,0,0,0,0,0,0,0,1,0,0,0,0,0,0,1
41,0,14,3,1,3,1,3,2451,4,0,12,3,1,1,13,2,3,9,8,1,8,2262.4615384615386,0.07692307692307693,2.3333333333333335,0,1,1,0,1,0,0,0,0,1,0,0,0,0,0,1,0,0,0,0
30,0,5,3,2,3,3,4,9419,2,0,12,3,3,1,12,2,3,10,9,7,4,9419.0,0.5833333333333334,3.0,0,1,0,1,1,0,0,0,0,0,0,0,0,0,0,0,1,0,1,0
38,0,1,4,1,2,2,4,8686,4,0,22,4,3,0,12,2,4,8,3,0,7,8686.0,0.0,3.0,0,1,0,1,1,0,0,0,0,0,0,0,0,0,0,0,1,0,0,1
32,0,6,5,3,3,1,3,3038,3,0,20,4,1,0,8,2,3,5,4,1,4,4557.0,0.125,3.0,0,1,1,0,1,0,0,0,0,1,0,0,0,0,0,1,0,0,0,1
27,0,17,3,3,3,1,2,3058,0,1,16,3,4,1,6,3,2,5,2,1,1,6116.0,0.16666666666666666,2.3333333333333335,0,1,1,0,0,0,0,0,1,1,0,0,0,0,0,1,0,0,1,0
19,1,1,1,3,1,1,1,2325,0,0,21,4,1,0,1,5,4,0,0,0,0,27900.0,0.0,2.6666666666666665,1,0,0,1,0,0,0,0,1,0,0,0,0,0,0,0,0,1,0,1
36,0,3,2,4,3,1,2,2088,4,0,12,3,3,0,13,3,2,8,7,7,2,1927.3846153846155,0.5384615384615384,2.6666666666666665,1,0,1,0,0,0,1,0,0,1,0,1,0,0,0,0,0,0,0,1
30,0,9,3,3,3,2,1,3072,1,0,11,3,3,2,12,4,3,12,9,6,10,3072.0,0.5,2.3333333333333335,0,0,1,0,0,0,1,0,0,1,0,1,0,0,0,0,0,0,0,0
45,0,4,2,3,3,2,1,5006,4,1,11,3,1,1,9,3,4,5,4,0,3,6674.666666666667,0.0,2.6666666666666665,0,1,0,1,1,0,0,0,0,0,0,0,0,0,0,0,1,0,0,0
56,0,8,3,3,3,1,1,4257,4,1,18,3,3,1,19,3,3,2,2,2,2,2688.6315789473683,0.10526315789473684,2.3333333333333335,0,1,1,0,1,0,0,0,0,0,0,0,0,0,0,1,0,0,0,0
33,0,2,3,3,3,1,4,2500,0,0,14,3,1,0,4,2,4,3,1,0,2,7500.0,0.0,3.6666666666666665,0,1,1,0,1,0,0,0,0,1,0,0,0,0,0,1,0,0,0,1
19,1,2,3,2,2,1,4,1102,1,0,22,4,3,0,1,3,2,1,0,1,0,13224.0,1.0,2.6666666666666665,0,1,1,0,1,0,0,0,0,1,0,1,0,0,0,0,0,0,0,1
46,0,1,2,2,3,3,1,10453,1,0,25,4,3,3,24,2,3,24,13,15,7,5226.5,0.625,2.0,0,1,0,1,0,1,0,0,0,0,0,0,0,0,0,0,1,0,0,0
38,0,9,2,3,3,1,4,2288,1,0,12,3,3,0,2,3,3,2,2,2,1,13728.0,1.0,3.3333333333333335,0,1,1,0,1,0,0,0,0,0,0,1,0,0,0,0,0,0,0,1
31,0,12,1,3,3,1,4,3929,8,1,23,4,3,1,7,0,3,4,2,0,2,6735.428571428572,0.0,3.3333333333333335,0,1,1,0,0,0,1,0,0,0,0,0,0,0,0,1,0,0,1,0
34,0,27,2,4,3,1,2,2311,2,0,15,3,4,0,9,3,3,3,2,1,2,3081.3333333333335,0.1111111111111111,3.0,0,1,1,0,0,0,1,0,0,0,0,0,0,0,0,1,0,0,0,1
41,1,20,2,2,3,1,2,3140,1,1,22,4,4,0,4,5,2,4,3,0,2,9420.0,0.0,2.0,0,1,0,1,0,1,0,0,0,0,0,0,0,0,0,0,0,1,0,1
50,0,1,3,3,2,1,3,3690,2,0,15,3,4,1,5,2,2,3,2,0,2,8856.0,0.0,2.6666666666666665,0,1,1,0,0,0,1,0,0,1,0,1,0,0,0,0,0,0,1,0
53,0,13,2,4,4,2,1,4450,1,0,11,3,3,2,5,3,3,4,2,1,3,10680.0,0.2,2.6666666666666665,0,1,1,0,0,0,1,0,0,0,0,0,0,1,0,0,0,0,0,0
33,0,14,3,4,3,1,2,2756,1,0,13,3,4,1,8,5,3,8,7,1,6,4134.0,0.125,3.0,0,1,1,0,0,0,1,0,0,0,0,0,0,0,0,1,0,0,1,0
40,0,4,1,4,3,5,3,19033,1,0,14,3,2,1,21,2,3,20,8,9,9,10876.0,0.42857142857142855,3.3333333333333335,0,1,1,0,0,0,1,0,0,0,0,0,1,0,0,0,0,0,1,0
55,0,14,4,3,4,5,2,18722,8,0,11,3,4,0,36,3,3,24,15,2,15,6240.666666666667,0.05555555555555555,2.6666666666666665,0,1,1,0,0,0,1,0,0,1,0,0,0,0,1,0,0,0,0,1
34,0,2,1,4,2,2,3,9547,1,0,17,3,3,0,10,2,2,10,9,1,9,11456.4,0.1,3.0,1,0,1,0,1,0,0,0,0,1,0,0,0,1,0,0,0,0,1,0
51,0,3,3,4,3,4,2,13734,3,0,18,3,3,0,21,6,3,7,7,1,0,7848.0,0.047619047619047616,3.0,0,1,1,0,0,0,1,0,0,0,0,0,0,0,0,0,0,0,0,1
52,0,1,4,3,2,5,3,19999,0,0,14,3,1,1,34,5,3,33,18,11,9,7058.470588235294,0.3235294117647059,3.0,0,1,1,0,1,0,0,0,0,1,0,0,1,0,0,0,0,0,1,0
27,0,9,3,4,3,1,2,2279,1,0,16,3,4,0,7,2,2,7,7,0,3,3906.8571428571427,0.0,2.6666666666666665,0,1,1,0,0,0,1,0,0,0,0,0,0,0,0,1,0,0,0,1
35,1,23,2,2,2,2,3,5916,3,1,13,3,1,0,8,1,3,1,0,0,1,8874.0,0.0,2.6666666666666665,0,1,1,0,1,0,0,0,0,1,0,0,0,1,0,0,0,0,1,0
43,0,7,3,4,4,1,4,2089,4,0,14,3,4,3,7,3,4,5,4,2,2,3581.1428571428573,0.2857142857142857,4.0,0,0,1,0,0,0,1,0,0,1,0,0,0,0,0,1,0,0,0,0
45,0,2,2,1,2,4,4,16792,9,0,23,4,4,1,22,1,3,20,8,11,8,9159.272727272728,0.5,2.6666666666666665,0,0,1,0,0,0,1,0,0,1,0,0,1,0,0,0,0,0,1,0
37,0,21,3,2,4,1,1,3564,1,1,12,3,1,1,8,3,2,8,7,1,7,5346.0,0.125,1.6666666666666667,0,1,1,0,1,0,0,0,0,1,0,0,0,0,0,1,0,0,1,0
35,0,2,3,2,3,2,2,4425,5,0,11,3,4,0,10,5,3,6,2,1,2,5310.0,0.1,2.3333333333333335,1,0,1,0,0,0,1,0,0,0,0,1,0,0,0,0,0,0,0,1
42,0,21,2,3,3,2,3,5265,2,0,16,3,2,1,11,5,3,5,3,0,2,5743.636363636364,0.0,3.0,0,0,1,0,0,0,1,0,0,0,0,0,0,1,0,0,0,0,0,0
38,0,2,4,4,3,2,3,6553,9,0,14,3,2,0,14,3,3,1,0,0,0,5616.857142857143,0.0,3.3333333333333335,0,1,1,0,1,0,0,0,0,1,0,0,0,1,0,0,0,0,1,0
38,0,29,3,4,3,2,4,6261,3,0,18,3,1,1,9,3,1,7,7,1,7,8348.0,0.1111111111111111,3.0,0,1,1,0,0,0,0,0,1,1,0,0,0,1,0,0,0,0,1,0
27,0,1,1,3,2,2,1,4298,5,0,19,3,3,1,6,1,3,2,2,2,0,8596.0,0.3333333333333333,2.3333333333333335,1,0,1,0,0,0,0,0,1,1,0,0,0,1,0,0,0,0,1,0
49,0,18,4,4,3,2,4,6804,1,1,15,3,1,2,7,0,3,7,7,1,7,11664.0,0.14285714285714285,3.6666666666666665,0,0,1,0,1,0,0,0,0,1,0,0,0,1,0,0,0,0,0,0
34,0,10,4,4,3,1,3,3815,1,1,17,3,4,1,5,4,4,5,3,2,0,9156.0,0.4,3.6666666666666665,1,0,1,0,0,0,1,0,0,1,0,0,0,0,0,1,0,0,0,0
40,0,19,2,3,3,2,4,2741,8,1,15,3,3,1,15,2,4,7,2,3,7,2192.8,0.2,3.6666666666666665,0,1,1,0,0,0,1,0,0,1,0,1,0,0,0,0,0,0,1,0
38,1,29,1,2,3,2,1,6673,7,1,19,3,2,0,17,2,3,1,0,0,0,4710.35294117647,0.0,2.0,0,1,1,0,0,0,1,0,0,1,0,0,0,0,0,0,0,0,1,0
29,1,27,3,2,3,3,4,7639,1,0,22,4,4,3,10,3,2,10,4,1,9,9166.8,0.1,2.6666666666666665,0,1,0,1,0,1,0,0,0,0,0,0,0,0,0,0,1,0,1,0
22,0,5,3,4,4,1,2,2328,1,1,16,3,1,1,4,2,2,4,2,2,2,6984.0,0.5,2.6666666666666665,0,1,1,0,1,0,0,0,0,1,0,0,0,0,0,1,0,0,0,0
36,0,18,1,2,3,1,4,2153,1,0,13,3,1,0,8,2,3,8,1,1,7,3229.5,0.125,3.0,1,0,1,0,0,0,1,0,0,0,0,1,0,0,0,0,0,0,0,1
40,0,9,5,4,2,2,4,4876,9,0,14,3,4,1,5,5,1,3,2,0,2,11702.4,0.0,3.0,0,0,1,0,1,0,0,0,0,1,0,0,0,0,0,0,0,0,1,0
46,0,1,4,4,3,3,1,9396,7,0,16,3,3,1,17,3,3,4,2,0,3,6632.470588235294,0.0,2.6666666666666665,0,1,1,0,0,0,1,0,0,1,0,0,0,0,0,0,0,0,0,0
32,1,4,4,4,1,3,4,10400,1,0,11,3,3,0,14,2,2,14,8,9,8,8914.285714285714,0.6428571428571429,3.3333333333333335,0,1,0,1,0,0,1,0,0,1,0,0,0,0,0,0,1,0,1,0
30,0,1,1,3,2,3,3,8474,1,0,22,4,3,0,12,2,3,11,8,5,8,8474.0,0.4166666666666667,3.0,0,0,1,0,1,0,0,0,0,1,0,0,0,1,0,0,0,0,0,1
27,0,20,3,4,3,2,3,9981,1,0,14,3,4,0,7,2,3,7,7,0,7,17110.285714285714,0.0,3.3333333333333335,1,0,0,1,1,0,0,0,0,0,0,0,0,0,0,0,1,0,0,1
51,0,8,4,2,2,3,2,12490,5,0,16,3,4,2,16,5,1,10,9,4,7,9367.5,0.25,1.6666666666666667,0,1,1,0,1,0,0,0,0,1,0,0,0,0,1,0,0,0,1,0
30,1,3,3,4,3,1,1,2657,5,1,11,3,3,0,8,5,3,5,2,0,4,3985.5,0.0,2.6666666666666665,0,1,1,0,0,0,0,0,1,0,0,0,0,0,0,1,0,0,0,1
41,0,6,3,4,3,3,4,13591,3,1,18,3,3,0,16,3,3,1,0,0,0,10193.25,0.0,3.6666666666666665,0,1,0,1,1,0,0,0,0,0,0,0,1,0,0,0,0,0,0,1
30,1,26,4,3,2,2,1,6696,5,0,15,3,3,0,9,5,2,6,3,0,1,8928.0,0.0,2.0,1,0,0,1,0,1,0,0,0,0,0,0,0,0,0,0,1,0,0,1
29,1,1,3,3,3,1,3,2058,0,0,14,3,4,0,7,1,2,6,2,1,5,3528.0,0.14285714285714285,2.6666666666666665,0,1,1,0,0,0,0,0,1,1,0,0,0,0,0,1,0,0,0,1
45,0,6,3,4,2,3,4,8865,6,0,12,3,4,0,23,2,3,19,7,12,8,4625.217391304348,0.5217391304347826,3.6666666666666665,0,0,0,1,0,0,1,0,0,0,0,0,0,0,0,0,1,0,0,1
54,0,3,3,4,3,2,1,5940,2,0,14,3,4,1,16,4,3,6,2,0,5,4455.0,0.0,2.6666666666666665,0,1,0,1,0,1,0,0,0,0,0,0,0,0,0,0,1,0,1,0
36,0,5,2,4,3,2,2,5914,8,0,16,3,4,0,16,3,4,13,11,3,7,4435.5,0.1875,3.3333333333333335,0,1,1,0,1,0,0,0,0,1,0,1,0,0,0,0,0,0,0,1
33,0,4,4,3,2,1,2,2622,6,0,21,4,4,0,7,3,3,3,2,1,1,4494.857142857143,0.14285714285714285,2.6666666666666665,0,1,1,0,0,0,1,0,0,0,0,0,0,0,0,1,0,0,1,0
37,0,11,3,2,3,3,4,12185,1,1,14,3,3,3,10,1,3,10,8,0,7,14622.0,0.0,3.0,1,0,1,0,0,0,0,1,0,1,0,0,0,0,1,0,0,0,0,0
38,0,3,3,1,3,3,3,10609,0,0,12,3,3,2,17,6,2,16,10,5,13,7488.705882352941,0.29411764705882354,2.0,0,1,0,1,1,0,0,0,0,1,0,0,0,0,0,0,1,0,0,0
31,0,1,4,3,1,2,3,4345,0,0,12,3,4,1,6,2,3,5,4,1,4,8690.0,0.16666666666666666,3.0,0,0,1,0,0,0,1,0,0,1,0,0,0,1,0,0,0,0,1,0
59,0,3,3,3,2,1,4,2177,3,0,17,3,1,1,7,6,3,1,0,0,0,3732.0,0.0,3.3333333333333335,0,1,1,0,1,0,0,0,0,1,0,0,0,0,0,1,0,0,1,0
37,0,4,4,1,3,1,4,2793,4,0,17,3,3,1,13,2,3,9,8,5,8,2578.153846153846,0.38461538461538464,2.6666666666666665,1,0,0,1,0,1,0,0,0,1,0,0,0,0,0,0,0,1,0,0
29,0,1,1,2,3,3,4,7918,1,0,14,3,4,1,11,5,3,11,10,4,1,8637.818181818182,0.36363636363636365,3.0,1,0,0,1,0,0,1,0,0,0,0,0,0,0,0,0,1,0,1,0
35,0,1,3,3,3,3,3,8789,1,0,14,3,1,0,10,3,4,10,7,0,8,10546.8,0.0,3.3333333333333335,1,0,0,1,0,1,0,0,0,0,0,0,0,0,0,0,1,0,0,1
29,1,18,1,3,2,1,4,2389,1,1,13,3,3,0,4,3,2,4,3,0,1,7167.0,0.0,3.0,0,1,1,0,0,0,1,0,0,1,0,0,0,0,0,1,0,0,0,1
52,0,2,3,3,2,1,4,3212,7,0,15,3,2,0,6,3,2,2,2,2,2,6424.0,0.3333333333333333,3.0,0,1,1,0,1,0,0,0,0,0,0,1,0,0,0,0,0,0,0,1
42,0,4,2,3,3,5,4,19232,1,0,11,3,4,0,22,3,3,22,17,11,15,10490.181818181818,0.5,3.3333333333333335,0,1,1,0,0,0,0,0,1,1,0,0,1,0,0,0,0,0,1,0
59,0,6,2,2,3,1,3,2267,8,0,17,3,4,0,7,2,2,2,2,2,2,3886.285714285714,0.2857142857142857,2.3333333333333335,0,1,0,0,0,0,1,0,0,1,1,0,0,0,0,0,0,0,1,0
50,0,1,4,4,3,5,4,19517,3,0,11,3,3,1,32,3,2,7,0,0,6,7318.875,0.0,3.3333333333333335,0,1,0,1,0,0,1,0,0,0,0,0,1,0,0,0,0,0,0,0
33,1,14,3,3,3,1,4,2436,5,1,13,3,3,1,8,2,1,5,4,0,4,3654.0,0.0,2.6666666666666665,0,1,1,0,0,0,1,0,0,1,0,1,0,0,0,0,0,0,1,0
43,0,16,3,4,3,4,4,16064,5,1,22,4,3,1,22,3,3,17,13,1,9,8762.181818181818,0.045454545454545456,3.6666666666666665,0,1,0,1,0,1,0,0,0,0,0,0,1,0,0,0,0,0,1,0
33,1,2,2,1,3,1,1,2707,7,0,20,4,1,0,13,3,4,9,7,1,7,2498.769230769231,0.07692307692307693,2.0,0,1,1,0,1,0,0,0,0,0,0,1,0,0,0,0,0,0,1,0
52,0,2,4,1,2,5,3,19068,1,1,18,3,4,0,33,2,4,33,7,15,12,6933.818181818182,0.45454545454545453,2.6666666666666665,0,0,0,1,1,0,0,0,0,1,0,0,1,0,0,0,0,0,0,1
32,0,4,2,3,3,1,2,3931,2,0,11,3,1,1,6,5,3,4,3,1,2,7862.0,0.16666666666666666,2.6666666666666665,0,1,0,1,1,0,0,0,0,0,0,0,0,0,0,0,0,1,1,0
32,1,1,3,4,2,1,3,3730,0,1,14,3,4,0,4,2,1,3,2,1,2,11190.0,0.25,2.6666666666666665,0,1,1,0,1,0,0,0,0,1,0,1,0,0,0,0,0,0,0,1
39,0,1,4,3,3,1,3,2232,7,0,14,3,3,3,7,1,3,3,2,1,2,3826.285714285714,0.14285714285714285,3.0,0,1,1,0,0,0,1,0,0,0,0,1,0,0,0,0,0,0,0,0
32,0,26,4,3,3,2,4,4465,0,0,18,3,1,0,4,2,3,3,2,2,2,13395.0,0.5,3.3333333333333335,0,0,0,1,0,1,0,0,0,1,0,0,0,0,0,0,1,0,1,0
41,0,19,2,3,3,2,1,3072,2,0,16,3,1,2,17,2,2,1,0,0,0,2168.470588235294,0.0,2.0,0,1,1,0,1,0,0,0,0,1,0,0,0,0,0,1,0,0,0,0
40,0,24,2,1,3,2,4,3319,1,0,17,3,1,2,9,3,3,9,8,4,7,4425.333333333333,0.4444444444444444,2.6666666666666665,0,1,1,0,0,0,0,0,1,1,0,0,0,0,0,1,0,0,0,0
45,0,1,3,3,4,5,4,19202,0,0,11,3,3,1,25,2,3,24,0,1,7,9216.96,0.04,3.3333333333333335,0,1,1,0,0,0,0,1,0,1,0,0,1,0,0,0,0,0,1,0
31,0,3,4,2,3,3,3,13675,9,0,12,3,1,1,9,3,3,2,2,2,2,18233.333333333332,0.2222222222222222,2.6666666666666665,1,0,1,0,0,0,1,0,0,1,0,0,0,0,1,0,0,0,0,0
33,0,5,4,3,2,1,4,2911,1,0,13,3,3,1,2,2,2,2,2,0,2,17466.0,0.0,3.0,0,1,1,0,1,0,0,0,0,0,0,0,0,0,0,1,0,0,1,0
34,0,2,4,4,2,2,1,5957,6,0,13,3,2,1,13,3,3,11,9,5,9,5498.7692307692305,0.38461538461538464,2.6666666666666665,0,1,1,0,1,0,0,0,0,1,0,0,0,1,0,0,0,0,1,0
37,0,1,2,3,2,1,1,3920,2,0,14,3,1,1,17,2,2,3,1,0,2,2767.0588235294117,0.0,2.0,0,1,1,0,0,0,1,0,0,0,0,0,0,0,0,1,0,0,1,0
45,0,7,4,1,4,2,3,6434,4,0,17,3,4,1,9,1,3,3,2,0,2,8578.666666666666,0.0,2.3333333333333335,1,0,1,0,1,0,0,0,0,1,0,0,0,1,0,0,0,0,1,0
37,1,10,3,1,3,3,3,10048,6,0,11,3,2,2,17,5,3,1,0,0,0,7092.705882352941,0.0,2.3333333333333335,1,0,1,0,0,0,1,0,0,1,0,0,0,1,0,0,0,0,0,0
39,0,2,4,3,3,3,3,10938,0,0,25,4,4,0,20,1,3,19,6,11,8,6562.8,0.55,3.0,1,0,1,0,0,0,0,0,1,0,0,0,0,0,0,0,0,0,0,1
29,0,15,3,3,3,1,4,2340,1,0,19,3,1,0,6,1,3,6,5,1,5,4680.0,0.16666666666666666,3.3333333333333335,0,1,1,0,1,0,0,0,0,1,0,0,0,0,0,1,0,0,0,1
42,0,17,2,4,4,2,1,6545,3,1,13,3,3,0,10,1,3,3,2,0,2,7854.0,0.0,2.6666666666666665,0,1,1,0,1,0,0,0,0,0,0,0,0,0,0,1,0,0,0,1
29,0,20,2,4,3,2,4,6931,2,0,14,3,4,1,10,2,3,3,2,0,2,8317.2,0.0,3.6666666666666665,0,1,0,1,0,1,0,0,0,1,0,0,0,0,0,0,1,0,0,0
25,0,1,3,1,3,2,3,4898,0,0,12,3,4,2,5,3,3,4,2,1,2,11755.2,0.2,2.3333333333333335,0,1,1,0,1,0,0,0,0,0,0,0,0,1,0,0,0,0,1,0
42,0,2,3,4,2,1,1,2593,0,1,11,3,3,1,10,4,3,9,6,7,8,3111.6,0.7,2.6666666666666665,0,1,1,0,0,0,1,0,0,0,0,1,0,0,0,0,0,0,0,0
40,0,2,2,1,3,5,3,19436,0,0,19,3,4,1,22,5,3,21,7,3,9,10601.454545454546,0.13636363636363635,2.3333333333333335,0,1,1,0,0,0,1,0,0,1,0,0,0,0,1,0,0,0,0,0
51,0,1,3,3,3,1,4,2723,1,0,11,3,2,0,1,0,2,1,0,0,0,32676.0,0.0,3.0,0,1,1,0,1,0,0,0,0,1,0,0,0,0,0,1,0,0,1,0
31,1,29,2,3,2,1,2,3479,0,0,11,3,2,0,6,2,4,5,4,1,4,6958.0,0.16666666666666666,3.0,1,0,1,0,0,0,1,0,0,1,0,1,0,0,0,0,0,0,0,1
32,0,7,3,2,4,1,2,2794,1,0,20,4,3,0,5,3,1,5,1,0,3,6705.6,0.0,1.6666666666666667,1,0,1,0,1,0,0,0,0,1,0,1,0,0,0,0,0,0,1,0
38,0,2,2,4,2,2,4,5249,3,0,18,3,4,1,13,0,3,8,7,7,5,4845.2307692307695,0.5384615384615384,3.6666666666666665,0,0,0,1,1,0,0,0,0,1,0,0,0,0,0,0,1,0,1,0
32,0,2,1,4,2,2,1,2176,4,0,13,3,4,0,9,5,3,6,2,0,4,2901.3333333333335,0.0,2.6666666666666665,0,1,1,0,0,0,0,0,1,1,0,1,0,0,0,0,0,0,0,1
46,0,2,3,3,1,4,2,16872,3,1,12,3,2,1,28,2,2,7,7,7,7,7230.857142857143,0.25,2.3333333333333335,0,1,0,1,0,0,0,0,1,0,0,0,1,0,0,0,0,0,1,0
28,1,2,4,1,3,1,3,3485,2,0,11,3,3,0,5,5,1,0,0,0,0,8364.0,0.0,1.6666666666666667,0,1,1,0,1,0,0,0,0,1,0,1,0,0,0,0,0,0,0,1
29,0,2,3,1,2,2,2,6644,2,0,19,3,2,2,10,2,3,0,0,0,0,7972.8,0.0,2.0,0,1,0,1,0,0,1,0,0,1,0,0,0,0,0,0,1,0,1,0
31,0,23,3,2,2,2,4,5582,0,0,21,4,2,1,10,2,3,9,0,7,8,6698.4,0.7,3.0,0,1,1,0,0,0,1,0,0,1,0,0,0,0,0,0,0,0,1,0
25,0,5,2,2,4,2,1,4000,1,0,12,3,4,2,6,2,3,6,3,1,5,8000.0,0.16666666666666666,2.0,0,0,1,0,1,0,0,0,0,1,0,0,0,0,0,0,0,0,0,0
45,0,20,2,3,3,4,4,13496,0,1,14,3,2,0,21,2,3,20,7,4,10,7712.0,0.19047619047619047,3.3333333333333335,0,1,1,0,0,0,1,0,0,1,0,0,0,0,0,0,0,0,1,0
36,0,6,3,4,3,1,4,3210,0,0,11,3,3,1,16,4,3,15,13,10,11,2407.5,0.625,3.6666666666666665,0,1,1,0,1,0,0,0,0,1,0,1,0,0,0,0,0,0,1,0
55,0,1,3,4,3,5,1,19045,0,1,14,3,3,0,37,2,3,36,10,4,13,6176.756756756757,0.10810810810810811,2.6666666666666665,0,1,1,0,0,0,1,0,0,1,0,0,1,0,0,0,0,0,0,1
47,1,29,4,1,3,3,2,11849,1,1,12,3,4,1,10,2,2,10,7,9,9,14218.8,0.9,1.6666666666666667,0,0,1,0,1,0,0,0,0,1,0,0,1,0,0,0,0,0,1,0
28,0,9,3,4,3,1,4,2070,1,0,23,4,4,1,5,3,2,5,2,0,4,4968.0,0.0,3.3333333333333335,0,1,1,0,0,0,1,0,0,1,0,0,0,0,0,1,0,0,1,0
37,0,6,4,3,3,2,4,6502,4,0,14,3,2,1,7,5,4,5,4,0,1,11146.285714285714,0.0,3.6666666666666665,0,1,0,1,0,0,1,0,0,1,0,0,0,0,0,0,1,0,1,0
21,0,3,2,4,2,1,3,3230,1,0,17,3,1,0,3,4,4,3,2,1,0,12920.0,0.3333333333333333,3.6666666666666665,0,1,1,0,0,0,1,0,0,1,0,0,0,0,0,1,0,0,0,1
37,0,1,4,1,3,3,4,13603,2,1,18,3,1,2,15,2,3,5,2,0,2,10882.4,0.0,2.6666666666666665,0,0,1,0,0,0,1,0,0,0,0,0,0,0,1,0,0,0,0,0
35,0,22,3,2,4,3,2,11996,7,0,18,3,2,1,10,6,2,7,7,6,2,14395.2,0.6,2.0,0,1,1,0,1,0,0,0,0,0,0,0,1,0,0,0,0,0,0,0
38,0,7,2,1,4,2,1,5605,1,1,24,4,3,1,8,3,3,8,0,7,7,8407.5,0.875,1.6666666666666667,0,1,0,1,0,0,1,0,0,0,0,0,0,0,0,0,1,0,0,0
26,0,1,3,3,3,2,2,6397,1,0,20,4,1,1,6,6,1,6,5,1,4,12794.0,0.16666666666666666,2.0,1,0,1,0,1,0,0,0,0,0,0,0,0,1,0,0,0,0,0,0
50,0,4,1,1,3,5,2,19144,3,0,14,3,1,2,28,4,2,10,4,1,6,8204.57142857143,0.03571428571428571,1.6666666666666667,0,1,1,0,1,0,0,0,0,1,0,0,0,0,1,0,0,0,0,0
53,0,3,4,3,3,4,3,17584,3,1,16,3,4,3,21,5,2,5,3,1,3,10048.0,0.047619047619047616,2.6666666666666665,0,1,1,0,0,0,1,0,0,1,0,0,0,0,1,0,0,0,1,0
42,0,1,1,2,3,2,3,4907,1,0,25,4,3,0,20,3,3,20,16,11,6,2944.2,0.55,2.6666666666666665,0,1,0,1,1,0,0,0,0,1,0,0,0,0,0,0,1,0,1,0
29,0,2,2,2,3,2,4,4554,1,0,18,3,1,0,10,3,2,10,7,0,9,5464.8,0.0,2.6666666666666665,1,0,0,1,1,0,0,0,0,1,0,0,0,0,0,0,1,0,0,1
55,0,20,2,2,3,2,4,5415,3,1,19,3,4,1,12,4,3,10,7,0,8,5415.0,0.0,3.0,0,1,1,0,0,0,0,0,1,1,0,1,0,0,0,0,0,0,1,0
26,0,11,2,1,3,2,1,4741,1,1,13,3,3,1,5,3,3,5,3,3,3,11378.4,0.6,1.6666666666666667,1,0,1,0,0,0,1,0,0,1,0,0,0,0,0,0,0,0,1,0
37,0,1,3,4,3,1,4,2115,1,0,12,3,2,0,17,3,3,17,12,5,7,1492.9411764705883,0.29411764705882354,3.6666666666666665,0,1,1,0,1,0,0,0,0,0,0,0,0,0,0,1,0,0,0,1
44,1,24,3,4,3,1,3,3161,3,1,22,4,4,1,19,0,1,1,0,0,0,1996.421052631579,0.0,2.6666666666666665,1,0,1,0,1,0,0,0,0,1,0,1,0,0,0,0,0,0,0,0
38,0,23,4,4,3,2,4,5745,9,0,14,3,2,1,10,2,3,2,2,1,2,6894.0,0.1,3.6666666666666665,0,1,1,0,1,0,0,0,0,1,0,0,0,0,0,0,0,0,0,0
26,1,16,4,1,3,1,2,2373,2,1,13,3,4,1,5,2,3,3,2,0,2,5695.2,0.0,2.0,0,1,1,0,0,0,1,0,0,1,0,1,0,0,0,0,0,0,0,0
28,0,8,2,4,3,1,4,3310,1,0,21,4,4,0,5,3,3,5,3,0,2,7944.0,0.0,3.6666666666666665,0,1,1,0,1,0,0,0,0,0,0,0,0,0,0,1,0,0,0,1
49,0,10,4,3,3,5,1,18665,9,1,11,3,4,0,22,4,3,3,2,1,2,10180.90909090909,0.045454545454545456,2.3333333333333335,1,0,1,0,1,0,0,0,0,0,0,0,0,0,1,0,0,0,0,1
36,0,3,3,3,3,2,2,4485,4,0,12,3,4,0,10,2,3,8,0,7,7,5382.0,0.7,2.6666666666666665,0,1,1,0,0,0,0,0,1,1,0,0,0,0,0,1,0,0,0,1
31,0,5,3,4,3,1,2,2789,1,0,11,3,3,1,2,5,2,2,2,2,2,16734.0,1.0,2.6666666666666665,1,0,0,1,0,1,0,0,0,0,0,0,0,0,0,0,0,1,0,0
26,1,4,4,4,2,2,4,5828,1,1,12,3,2,0,8,0,3,8,7,7,4,8742.0,0.875,3.6666666666666665,0,1,0,1,0,1,0,0,0,1,0,0,0,0,0,0,1,0,0,1
37,0,9,3,2,3,1,4,2326,1,1,12,3,3,3,4,3,2,4,2,1,2,6978.0,0.25,2.6666666666666665,1,0,1,0,0,0,1,0,0,1,0,0,0,0,0,1,0,0,1,0
42,0,26,3,3,3,4,2,13525,5,0,14,3,4,1,23,2,4,20,4,4,8,7056.521739130435,0.17391304347826086,3.0,1,0,0,1,0,1,0,0,0,0,0,0,0,0,0,0,1,0,1,0
18,1,3,3,3,3,1,3,1420,1,0,13,3,3,0,0,2,3,0,0,0,0,17040.0,0.0,3.0,0,1,1,0,1,0,0,0,0,1,0,1,0,0,0,0,0,0,0,1
35,0,16,3,3,3,3,2,8020,0,0,15,3,3,2,12,3,2,11,9,6,9,8020.0,0.5,2.3333333333333335,0,1,0,1,0,1,0,0,0,1,0,0,0,0,0,0,1,0,1,0
36,0,18,4,3,4,1,4,3688,4,0,18,3,4,2,4,2,3,1,0,0,0,11064.0,0.0,3.3333333333333335,1,0,1,0,1,0,0,0,0,1,0,1,0,0,0,0,0,0,1,0
51,0,2,3,4,1,2,2,5482,5,0,18,3,4,1,13,3,3,4,1,1,2,5060.307692307692,0.07692307692307693,3.0,0,1,1,0,0,0,1,0,0,1,0,0,0,1,0,0,0,0,0,0
41,0,2,4,4,3,4,2,16015,1,0,19,3,2,0,22,2,3,22,10,0,4,8735.454545454546,0.0,3.0,0,1,0,1,1,0,0,0,0,1,0,0,1,0,0,0,0,0,0,1
18,0,10,3,4,2,1,3,1200,1,0,12,3,1,0,0,2,3,0,0,0,0,14400.0,0.0,3.3333333333333335,0,1,0,1,0,0,1,0,0,0,0,0,0,0,0,0,0,1,0,1
28,0,16,2,2,4,2,1,5661,0,0,19,3,3,0,9,2,3,8,3,0,7,7548.0,0.0,2.0,0,1,1,0,0,0,1,0,0,1,0,0,0,0,0,0,0,0,0,1
31,0,7,3,2,4,2,4,6929,4,0,11,3,2,1,10,3,2,8,7,7,7,8314.8,0.7,2.6666666666666665,0,1,0,1,0,0,0,0,1,1,0,0,0,0,0,0,1,0,1,0
39,0,1,3,3,4,3,4,9613,0,0,17,3,1,3,19,5,2,18,10,3,7,6071.368421052632,0.15789473684210525,3.0,0,1,1,0,0,0,1,0,0,1,0,0,0,0,0,0,0,0,0,0
36,0,24,4,2,3,2,2,5674,7,0,15,3,3,1,11,3,3,9,8,0,8,6189.818181818182,0.0,2.3333333333333335,0,0,1,0,1,0,0,0,0,0,0,1,0,0,0,0,0,0,1,0
32,0,7,3,4,2,2,3,5484,1,0,14,3,3,1,13,3,2,13,8,4,8,5062.153846153846,0.3076923076923077,3.0,0,1,0,1,1,0,0,0,0,1,0,0,0,0,0,0,1,0,1,0
38,0,25,2,1,2,3,2,12061,3,0,17,3,3,1,19,2,3,10,8,0,1,7617.473684210527,0.0,2.0,0,1,1,0,1,0,0,0,0,0,0,0,0,0,1,0,0,0,1,0
58,0,1,4,4,1,2,3,5660,2,1,13,3,4,1,12,2,3,5,3,1,2,5660.0,0.08333333333333333,3.3333333333333335,0,0,1,0,1,0,0,0,0,1,0,0,0,0,0,0,0,0,0,0
31,0,5,4,3,3,1,4,4821,0,1,12,3,3,1,6,4,3,5,2,0,3,9642.0,0.0,3.3333333333333335,0,1,1,0,0,0,0,0,1,1,0,0,0,0,0,1,0,0,1,0
31,0,2,3,1,2,2,1,6410,3,0,12,3,4,0,9,1,3,2,2,1,0,8546.666666666666,0.1111111111111111,1.6666666666666667,0,1,0,0,0,0,0,0,0,1,1,0,0,0,0,0,0,0,1,0
45,0,7,3,1,3,3,1,5210,1,0,18,3,1,1,24,2,3,24,9,9,11,2605.0,0.375,1.6666666666666667,1,0,1,0,1,0,0,0,0,1,0,1,0,0,0,0,0,0,0,0
31,0,2,4,3,3,1,4,2695,0,1,18,3,2,1,3,2,1,2,2,2,2,10780.0,0.6666666666666666,2.6666666666666665,0,1,1,0,1,0,0,0,0,1,0,0,0,0,0,1,0,0,0,0
33,0,5,4,4,3,3,2,11878,6,0,11,3,2,2,12,2,3,10,6,8,8,11878.0,0.6666666666666666,3.0,1,0,1,0,1,0,0,0,0,0,0,0,1,0,0,0,0,0,1,0
39,0,10,1,3,3,4,1,17068,1,1,14,3,4,0,21,3,3,21,9,11,10,9753.142857142857,0.5238095238095238,2.3333333333333335,0,1,1,0,0,0,1,0,0,1,0,0,1,0,0,0,0,0,1,0
43,0,10,4,3,3,1,4,2455,0,0,19,3,1,0,9,5,3,8,7,1,7,3273.3333333333335,0.1111111111111111,3.3333333333333335,1,0,1,0,1,0,0,0,0,0,0,1,0,0,0,0,0,0,0,1
49,0,1,2,3,2,4,3,13964,7,1,12,3,4,0,25,2,3,7,1,0,7,6702.72,0.0,3.0,0,1,1,0,0,0,0,0,1,0,0,0,0,0,0,0,0,0,0,1
52,1,8,4,3,2,2,2,4941,2,0,15,3,1,0,11,3,2,8,2,7,7,5390.181818181818,0.6363636363636364,2.3333333333333335,0,1,1,0,0,0,1,0,0,1,0,0,0,0,0,1,0,0,1,0
27,0,5,3,3,3,1,2,2478,1,1,12,3,2,0,4,2,2,4,3,1,2,7434.0,0.25,2.3333333333333335,0,1,1,0,1,0,0,0,0,0,0,0,0,0,0,1,0,0,0,1
32,0,8,2,3,2,2,2,5228,1,1,11,3,4,0,13,2,3,13,12,11,9,4825.846153846154,0.8461538461538461,2.6666666666666665,0,1,0,1,0,0,0,0,1,0,0,0,0,0,0,0,1,0,1,0
27,0,2,3,4,3,2,3,4478,1,1,11,3,1,0,5,3,3,5,4,0,4,10747.2,0.0,3.3333333333333335,0,1,0,1,1,0,0,0,0,1,0,0,0,0,0,0,1,0,0,1
31,0,7,3,4,3,2,4,7547,4,0,12,3,4,3,13,3,3,7,7,1,7,6966.461538461538,0.07692307692307693,3.6666666666666665,0,1,0,1,0,1,0,0,0,1,0,0,0,0,0,0,1,0,0,0
32,0,2,4,1,4,2,4,5055,7,0,16,3,3,0,10,0,2,7,7,0,7,6066.0,0.0,2.3333333333333335,0,1,1,0,0,0,1,0,0,0,0,0,0,0,0,1,0,0,0,1
28,1,2,4,1,1,1,4,3464,5,1,13,3,4,0,5,4,2,3,2,2,2,8313.6,0.4,2.3333333333333335,0,1,1,0,0,0,1,0,0,1,0,0,0,0,0,1,0,0,1,0
30,0,28,2,4,3,2,4,5775,1,0,13,3,4,2,11,2,3,10,8,1,9,6300.0,0.09090909090909091,3.6666666666666665,0,1,1,0,0,0,1,0,0,0,0,0,0,0,0,1,0,0,1,0
31,0,7,2,3,2,3,3,8943,1,0,24,4,1,1,10,2,3,10,9,8,9,10731.6,0.8,3.0,1,0,1,0,1,0,0,0,0,0,0,0,0,1,0,0,0,0,1,0
39,0,7,2,3,2,5,4,19272,1,0,15,3,1,1,21,2,3,21,9,13,3,11012.57142857143,0.6190476190476191,3.3333333333333335,1,0,1,0,0,0,1,0,0,1,0,0,1,0,0,0,0,0,1,0
39,1,3,2,4,3,2,3,5238,4,1,18,3,1,0,12,3,2,1,0,0,0,5238.0,0.0,3.0,0,1,0,1,0,0,1,0,0,0,0,0,0,0,0,0,1,0,1,0
33,0,10,3,2,2,2,4,4682,3,0,14,3,3,0,9,6,2,7,7,0,1,6242.666666666667,0.0,2.6666666666666665,1,0,0,1,0,1,0,0,0,1,0,0,0,0,0,0,1,0,0,1
47,0,5,5,4,3,5,3,18300,4,0,11,3,2,1,21,2,3,3,2,1,1,10457.142857142857,0.047619047619047616,3.3333333333333335,0,1,1,0,1,0,0,0,0,1,0,0,0,0,1,0,0,0,1,0
43,0,10,4,3,2,2,3,5257,1,0,11,3,2,1,9,3,4,9,7,0,0,7009.333333333333,0.0,3.3333333333333335,1,0,1,0,1,0,0,0,0,0,0,1,0,0,0,0,0,0,0,0
27,0,1,1,3,3,2,2,6349,0,1,13,3,4,1,6,0,3,5,4,1,4,12698.0,0.16666666666666666,2.6666666666666665,0,0,0,1,0,1,0,0,0,1,0,0,0,0,0,0,1,0,1,0
54,0,20,4,4,3,2,3,4869,3,0,12,3,4,0,20,4,2,4,3,0,3,2921.4,0.0,3.0,1,0,1,0,1,0,0,0,0,0,0,0,0,0,0,1,0,0,0,1
43,0,7,3,3,3,3,1,9985,8,0,16,3,1,1,10,1,2,1,0,0,0,11982.0,0.0,2.0,0,1,1,0,1,0,0,0,0,0,0,0,0,0,0,0,0,0,1,0
45,0,8,4,4,3,2,4,3697,9,0,14,3,1,2,12,3,3,10,9,9,8,3697.0,0.75,3.6666666666666665,0,1,1,0,0,0,0,1,0,1,0,0,0,0,0,1,0,0,1,0
40,0,1,2,2,1,2,4,7457,2,1,22,4,3,3,6,2,2,4,3,0,2,14914.0,0.0,2.6666666666666665,0,1,0,1,0,0,1,0,0,1,0,0,0,0,0,0,1,0,1,0
29,1,8,4,2,1,1,1,2119,1,1,11,3,4,0,7,4,2,7,7,0,7,3632.5714285714284,0.0,1.6666666666666667,0,1,1,0,0,0,0,1,0,1,0,1,0,0,0,0,0,0,1,0
29,0,9,5,2,2,1,4,3983,0,0,17,3,3,0,4,2,3,3,2,2,2,11949.0,0.5,3.0,0,1,1,0,0,0,0,1,0,1,0,1,0,0,0,0,0,0,0,1
30,0,5,3,4,2,2,3,6118,1,0,13,3,3,3,10,2,3,10,9,1,2,7341.6,0.1,3.3333333333333335,0,1,0,1,0,1,0,0,0,0,0,0,0,0,0,0,1,0,0,0
27,0,8,4,2,3,2,2,6214,1,0,18,3,1,1,8,3,3,8,7,0,7,9321.0,0.0,2.3333333333333335,0,1,0,1,0,1,0,0,0,0,0,0,0,0,0,0,1,0,1,0
37,0,5,2,4,3,2,4,6347,7,0,16,3,3,2,8,2,2,6,2,0,4,9520.5,0.0,3.3333333333333335,0,1,1,0,0,0,1,0,0,1,0,0,0,1,0,0,0,0,0,0
38,0,15,2,3,2,3,4,11510,0,1,14,3,2,1,12,3,3,11,10,2,9,11510.0,0.16666666666666666,3.3333333333333335,0,1,1,0,1,0,0,0,0,1,0,0,0,0,1,0,0,0,0,0
31,0,7,4,3,3,3,4,7143,1,1,14,3,3,0,11,2,2,11,9,4,10,7792.363636363636,0.36363636363636365,3.0,0,1,1,0,0,0,1,0,0,0,0,0,0,1,0,0,0,0,0,1
29,0,10,1,4,2,2,2,8268,1,1,14,3,1,2,7,2,3,7,7,1,7,14173.714285714286,0.14285714285714285,3.0,0,1,0,1,0,1,0,0,0,0,0,0,0,0,0,0,1,0,0,0
35,0,5,4,3,3,3,2,8095,0,0,13,3,4,0,17,5,3,16,6,0,13,5714.117647058823,0.0,2.6666666666666665,0,1,1,0,0,0,0,0,1,1,0,0,0,1,0,0,0,0,0,1
23,0,26,1,3,3,1,4,2904,1,0,12,3,3,2,4,2,2,4,2,0,2,8712.0,0.0,3.0,0,1,1,0,1,0,0,0,0,1,0,0,0,0,0,1,0,0,0,0
41,0,6,3,4,2,2,2,6032,6,1,15,3,4,0,8,3,3,5,4,1,2,9048.0,0.125,3.0,0,1,1,0,0,0,1,0,0,1,0,0,0,1,0,0,0,0,0,1
47,0,4,1,2,3,2,3,2976,3,0,19,3,1,0,5,3,3,0,0,0,0,7142.4,0.0,2.6666666666666665,1,0,0,1,0,0,1,0,0,1,0,0,0,0,0,0,0,1,0,1
42,0,23,5,1,3,4,4,15992,2,0,14,3,2,0,16,2,3,1,0,0,0,11994.0,0.0,2.6666666666666665,0,1,1,0,1,0,0,0,0,0,0,0,0,0,1,0,0,0,0,1
29,0,2,3,4,3,2,3,4649,1,0,14,3,1,1,4,3,2,4,3,0,2,13947.0,0.0,3.0,0,0,0,1,1,0,0,0,0,1,0,0,0,0,0,0,1,0,1,0
42,0,2,1,3,3,1,3,2696,0,1,11,3,3,1,4,5,3,3,2,1,0,8088.0,0.25,3.0,0,1,0,0,0,0,0,0,1,1,1,0,0,0,0,0,0,0,0,0
32,0,2,3,3,3,1,2,2370,1,0,13,3,3,1,8,4,3,8,0,0,7,3555.0,0.0,2.6666666666666665,0,1,1,0,0,0,1,0,0,0,0,1,0,0,0,0,0,0,1,0
48,0,29,1,1,3,3,3,12504,3,0,21,4,2,1,15,3,1,0,0,0,0,10003.2,0.0,1.6666666666666667,0,1,0,1,0,0,1,0,0,0,0,0,1,0,0,0,0,0,1,0
37,0,6,3,3,4,2,1,5974,4,1,13,3,1,2,13,2,3,7,7,6,7,5514.461538461538,0.46153846153846156,2.3333333333333335,0,1,1,0,0,0,1,0,0,1,0,0,0,0,0,1,0,0,0,0
30,0,25,2,4,3,2,3,4736,7,1,12,3,2,1,4,2,4,2,2,2,2,14208.0,0.5,3.6666666666666665,0,0,0,1,0,0,0,0,1,0,0,0,0,0,0,0,1,0,1,0
26,0,1,3,3,3,2,3,5296,1,0,17,3,2,1,8,3,3,8,7,7,7,7944.0,0.875,3.0,0,1,0,1,1,0,0,0,0,1,0,0,0,0,0,0,1,0,1,0
42,0,2,4,1,2,2,4,6781,3,0,23,4,2,0,14,6,3,1,0,0,0,5812.285714285715,0.0,2.6666666666666665,0,1,1,0,0,0,0,1,0,1,0,0,0,0,0,0,0,0,0,1
21,1,1,1,1,2,1,2,2174,1,1,11,3,3,0,3,3,3,3,2,1,2,8696.0,0.3333333333333333,2.0,1,0,0,1,0,0,0,0,1,0,0,0,0,0,0,0,0,1,0,1
36,0,1,5,4,3,2,4,6653,4,0,15,3,2,0,7,6,3,1,0,0,0,11405.142857142857,0.0,3.6666666666666665,0,0,0,1,0,0,1,0,0,0,0,0,0,0,0,0,1,0,0,1
36,0,3,4,1,2,3,4,9699,4,0,11,3,1,1,16,2,3,13,9,1,12,7274.25,0.0625,2.6666666666666665,1,0,0,1,0,0,1,0,0,1,0,0,0,0,0,0,1,0,1,0
57,0,1,4,4,3,2,3,6755,2,0,11,3,3,0,15,2,3,3,2,1,2,5404.0,0.06666666666666667,3.3333333333333335,0,1,1,0,0,0,1,0,0,1,0,0,0,0,0,0,0,0,1,0
40,0,10,4,4,4,1,3,2213,3,1,13,3,3,1,10,3,3,7,7,1,7,2655.6,0.1,3.3333333333333335,0,1,1,0,1,0,0,0,0,0,0,1,0,0,0,0,0,0,1,0
21,0,9,2,1,3,1,4,2610,1,0,24,4,3,0,3,3,2,3,2,2,2,10440.0,0.6666666666666666,2.3333333333333335,0,0,0,1,0,0,1,0,0,1,0,0,0,0,0,0,0,1,0,1
33,1,5,3,4,3,1,3,2851,1,1,13,3,2,0,1,2,3,1,0,0,0,34212.0,0.0,3.3333333333333335,0,1,0,1,0,1,0,0,0,0,0,0,0,0,0,0,0,1,0,1
37,0,10,3,3,3,1,1,3452,6,0,20,4,2,1,17,3,3,5,4,0,3,2436.705882352941,0.0,2.3333333333333335,0,1,1,0,0,0,1,0,0,0,0,1,0,0,0,0,0,0,1,0
46,0,7,4,3,3,2,3,5258,2,0,14,3,3,0,7,2,4,1,0,0,0,9013.714285714286,0.0,3.3333333333333335,0,0,1,0,0,0,1,0,0,0,0,0,0,1,0,0,0,0,1,0
41,1,4,3,1,3,2,2,9355,1,0,18,3,3,0,8,5,3,8,7,7,7,14032.5,0.875,2.0,1,0,0,1,0,1,0,0,0,1,0,0,0,0,0,0,1,0,0,1
50,0,10,3,4,2,3,4,10496,6,0,15,3,4,0,20,2,3,4,3,1,3,6297.6,0.05,3.6666666666666665,0,1,1,0,0,0,0,0,1,1,0,0,0,0,0,0,0,0,0,1
40,1,22,2,3,2,2,3,6380,2,1,12,3,1,2,8,6,3,6,4,1,0,9570.0,0.125,3.0,0,1,0,1,0,1,0,0,0,1,0,0,0,0,0,0,1,0,1,0
31,0,9,4,3,2,1,2,2657,0,1,16,3,4,0,3,5,3,2,2,2,2,10628.0,0.6666666666666666,2.6666666666666665,0,1,1,0,1,0,0,0,0,1,0,0,0,0,0,1,0,0,0,1
21,1,12,3,3,4,1,2,2716,1,0,15,3,4,0,1,0,3,1,0,0,0,32592.0,0.0,2.6666666666666665,0,1,0,1,1,0,0,0,0,0,0,0,0,0,0,0,0,1,0,1
29,0,23,3,4,3,1,4,2201,9,0,16,3,4,0,6,4,3,3,2,1,2,4402.0,0.16666666666666666,3.6666666666666665,0,1,1,0,1,0,0,0,0,1,0,0,0,0,0,1,0,0,0,1
35,0,9,4,3,2,2,2,6540,9,0,19,3,3,0,10,5,3,1,1,0,0,7848.0,0.0,2.6666666666666665,0,1,1,0,1,0,0,0,0,1,0,0,0,0,0,0,0,0,0,1
27,0,1,2,4,3,1,2,3816,1,0,11,3,2,1,5,2,3,5,2,0,4,9158.4,0.0,3.0,0,1,1,0,0,0,1,0,0,1,0,1,0,0,0,0,0,0,0,0
28,0,9,4,2,3,2,4,5253,1,0,16,3,4,0,7,1,3,7,5,0,7,9005.142857142857,0.0,3.0,0,1,0,1,1,0,0,0,0,1,0,0,0,0,0,0,1,0,0,1
49,0,7,3,2,2,3,3,10965,8,0,24,4,3,0,26,2,3,5,2,0,0,5060.7692307692305,0.0,2.6666666666666665,0,1,1,0,0,0,0,1,0,1,0,0,0,0,0,0,0,0,0,1
51,0,14,2,3,3,2,4,4936,4,0,11,3,3,1,18,2,2,7,7,0,7,3290.6666666666665,0.0,3.0,0,1,0,1,1,0,0,0,0,0,0,0,0,0,0,0,1,0,1,0
36,0,2,3,4,3,1,3,2543,4,0,13,3,2,1,6,3,3,2,2,2,2,5086.0,0.3333333333333333,3.3333333333333335,0,1,1,0,1,0,0,0,0,0,0,0,0,0,0,1,0,0,1,0
34,1,19,3,1,4,2,4,5304,8,1,13,3,2,0,9,3,2,5,2,0,4,7072.0,0.0,2.3333333333333335,0,0,0,1,0,1,0,0,0,1,0,0,0,0,0,0,1,0,0,1
55,0,2,3,3,3,4,4,16659,2,1,13,3,3,0,30,2,3,5,4,1,2,6663.6,0.03333333333333333,3.3333333333333335,0,1,1,0,1,0,0,0,0,0,0,0,1,0,0,0,0,0,0,1
24,0,10,4,4,3,2,3,4260,1,1,12,3,4,1,5,2,4,5,2,0,3,10224.0,0.0,3.6666666666666665,0,1,0,1,0,1,0,0,0,0,0,0,0,0,0,0,1,0,0,0
30,0,2,1,3,3,1,2,2476,1,0,18,3,1,1,1,3,3,1,0,0,0,29712.0,0.0,2.6666666666666665,0,1,0,1,0,0,0,0,1,1,0,0,0,0,0,0,0,1,1,0
26,1,3,1,3,3,1,1,3102,0,0,22,4,3,0,7,2,3,6,4,0,4,5317.714285714285,0.0,2.3333333333333335,1,0,1,0,0,0,0,0,1,1,0,0,0,0,0,1,0,0,0,1
22,0,11,3,1,3,1,2,2244,1,0,13,3,4,1,2,1,3,2,1,1,2,13464.0,0.5,2.0,0,1,1,0,0,0,1,0,0,0,0,0,0,0,0,1,0,0,1,0
36,0,2,2,2,2,3,3,7596,1,0,13,3,2,2,10,2,3,10,9,9,0,9115.2,0.9,2.6666666666666665,0,1,0,1,0,0,1,0,0,1,0,0,0,0,0,0,1,0,1,0
30,1,4,3,3,3,1,4,2285,9,1,23,4,3,0,3,4,3,1,0,0,0,9140.0,0.0,3.3333333333333335,1,0,1,0,0,0,0,0,1,1,0,0,0,0,0,1,0,0,0,1
37,0,14,3,4,3,1,1,3034,1,0,12,3,3,1,18,2,2,18,7,12,17,2022.6666666666667,0.6666666666666666,2.3333333333333335,0,1,1,0,1,0,0,0,0,0,0,1,0,0,0,0,0,0,0,0
40,0,2,2,4,3,2,2,5715,7,0,12,3,3,2,8,5,3,5,4,1,3,8572.5,0.125,3.0,0,1,0,1,0,1,0,0,0,0,0,0,0,0,0,0,1,0,0,0
42,0,1,4,2,3,1,1,2576,3,0,16,3,2,1,8,5,3,5,2,1,2,3864.0,0.125,2.0,0,1,1,0,1,0,0,0,0,0,0,1,0,0,0,0,0,0,0,0
37,0,10,4,3,3,2,2,4197,2,1,12,3,4,0,18,2,2,1,0,0,1,2798.0,0.0,2.3333333333333335,0,1,1,0,1,0,0,0,0,1,0,0,0,1,0,0,0,0,0,1
43,0,12,3,1,2,4,2,14336,1,0,11,3,3,1,25,3,3,25,10,3,9,6881.28,0.12,2.0,0,1,1,0,1,0,0,0,0,1,0,0,0,0,1,0,0,0,0,0
40,0,2,3,2,2,2,3,3448,6,0,22,4,2,1,20,3,3,1,0,0,0,2068.8,0.0,2.6666666666666665,0,1,1,0,0,0,1,0,0,0,0,1,0,0,0,0,0,0,1,0
54,0,5,2,1,3,5,1,19406,4,0,11,3,3,1,24,4,2,4,2,1,2,9703.0,0.041666666666666664,1.3333333333333333,0,1,1,0,0,0,1,0,0,1,0,0,0,0,1,0,0,0,1,0
34,0,4,4,3,3,2,3,6538,9,0,15,3,1,1,6,3,3,3,2,1,2,13076.0,0.16666666666666666,3.0,0,0,0,1,0,1,0,0,0,0,0,0,0,0,0,0,1,0,1,0
31,0,7,2,2,3,2,1,4306,1,0,12,3,2,1,13,5,1,13,10,3,12,3974.769230769231,0.23076923076923078,1.3333333333333333,0,1,1,0,0,0,1,0,0,0,0,0,0,1,0,0,0,0,1,0
43,0,21,3,4,3,1,4,2258,7,0,20,4,1,1,8,1,3,3,2,1,2,3387.0,0.125,3.6666666666666665,1,0,1,0,0,0,1,0,0,1,0,1,0,0,0,0,0,0,1,0
43,0,8,4,3,3,2,3,4522,4,1,14,3,4,0,8,3,3,5,2,0,2,6783.0,0.0,3.0,0,1,1,0,0,0,0,1,0,0,0,0,0,0,0,0,0,0,0,0
25,0,4,2,2,2,2,4,4487,1,1,11,3,2,0,5,3,3,5,4,1,3,10768.8,0.2,3.0,0,1,0,1,1,0,0,0,0,0,0,0,0,0,0,0,1,0,0,1
37,0,25,5,2,3,2,3,4449,3,1,15,3,1,2,15,2,3,13,11,10,7,3559.2,0.6666666666666666,2.6666666666666665,0,0,1,0,0,0,1,0,0,0,0,0,0,0,0,1,0,0,1,0
31,0,1,2,4,2,1,1,2218,1,0,12,3,3,1,4,3,3,4,2,3,2,6654.0,0.75,2.6666666666666665,0,1,1,0,1,0,0,0,0,1,0,1,0,0,0,0,0,0,1,0
39,0,1,1,2,3,5,3,19197,1,1,14,3,3,1,21,3,3,21,8,1,6,10969.714285714286,0.047619047619047616,2.6666666666666665,1,0,1,0,1,0,0,0,0,1,0,0,1,0,0,0,0,0,0,0
56,0,6,3,3,4,4,1,13212,9,0,11,3,4,3,36,0,2,7,7,7,7,4404.0,0.19444444444444445,2.0,1,0,0,1,1,0,0,0,0,0,0,0,0,0,0,0,1,0,1,0
30,0,12,3,2,3,2,3,6577,0,0,11,3,2,0,6,6,3,5,4,4,4,13154.0,0.6666666666666666,2.6666666666666665,0,1,0,1,0,0,0,0,1,0,0,0,0,0,0,0,1,0,0,1
41,0,1,3,2,4,3,1,8392,1,0,16,3,3,1,10,2,3,10,7,0,7,10070.4,0.0,2.0,0,1,0,1,0,1,0,0,0,1,0,0,0,0,0,0,1,0,1,0
28,0,17,2,3,3,2,1,4558,1,0,12,3,4,1,10,2,3,10,0,1,8,5469.6,0.1,2.3333333333333335,0,1,1,0,0,0,1,0,0,1,0,1,0,0,0,0,0,0,0,0
25,1,3,3,1,3,1,1,4031,5,0,13,3,3,1,6,5,3,2,2,0,2,8062.0,0.0,1.6666666666666667,0,1,1,0,0,0,1,0,0,1,0,1,0,0,0,0,0,0,1,0
52,0,3,3,4,2,3,3,7969,2,1,14,3,3,0,28,4,3,5,4,0,4,3415.285714285714,0.0,3.3333333333333335,0,1,1,0,0,0,1,0,0,1,0,0,0,1,0,0,0,0,1,0
45,0,10,2,1,3,1,4,2654,3,0,21,4,4,2,8,3,2,2,2,0,2,3981.0,0.0,2.3333333333333335,0,1,1,0,1,0,0,0,0,1,0,0,0,0,0,1,0,0,1,0
52,0,4,2,4,3,4,4,16555,2,0,13,3,4,0,31,2,1,5,2,1,4,6408.387096774193,0.03225806451612903,3.0,0,1,1,0,1,0,0,0,0,0,0,0,1,0,0,0,0,0,1,0
42,0,29,2,1,3,2,3,4556,2,0,11,3,2,1,19,3,3,5,4,0,2,2877.4736842105262,0.0,2.3333333333333335,1,0,1,0,1,0,0,0,0,0,0,0,0,0,0,1,0,0,0,0
30,0,2,3,3,1,2,4,6091,2,0,20,4,3,0,11,2,3,5,4,0,2,6644.727272727273,0.0,3.3333333333333335,0,1,1,0,1,0,0,0,0,0,0,0,0,1,0,0,0,0,0,1
60,0,7,3,1,3,5,1,19566,5,0,11,3,4,0,33,5,1,29,8,11,10,7114.909090909091,0.3333333333333333,1.0,0,1,1,0,1,0,0,0,0,0,0,0,1,0,0,0,0,0,1,0
46,0,18,3,3,3,2,3,4810,2,0,14,3,3,1,19,5,2,10,7,0,8,3037.8947368421054,0.0,2.6666666666666665,0,1,1,0,0,0,1,0,0,0,0,0,0,1,0,0,0,0,0,0
42,0,28,4,4,2,2,4,4523,0,0,11,3,4,3,7,4,4,6,5,0,4,7753.714285714285,0.0,4.0,1,0,1,0,0,0,0,0,1,0,0,0,0,0,0,0,0,0,1,0
24,1,1,1,1,3,1,2,3202,1,1,16,3,2,0,6,4,3,5,3,1,4,6404.0,0.16666666666666666,2.0,0,1,0,1,0,0,0,0,1,0,0,0,0,0,0,0,0,1,0,1
34,1,6,2,4,1,1,3,2351,0,0,16,3,4,1,3,3,2,2,2,1,0,9404.0,0.3333333333333333,3.0,1,0,0,1,0,1,0,0,0,0,0,0,0,0,0,0,0,1,0,0
38,0,2,2,4,3,1,4,1702,1,1,23,4,3,1,1,3,3,1,0,0,0,20424.0,0.0,3.6666666666666665,1,0,1,0,1,0,0,0,0,1,0,1,0,0,0,0,0,0,1,0
40,0,2,4,3,3,5,3,18041,0,0,14,3,4,0,21,2,3,20,15,1,12,10309.142857142857,0.047619047619047616,3.0,0,1,0,1,1,0,0,0,0,0,0,0,1,0,0,0,0,0,1,0
26,0,23,3,1,3,1,4,2886,1,0,22,4,2,2,3,3,1,3,2,0,2,11544.0,0.0,2.0,0,1,1,0,1,0,0,0,0,0,0,0,0,0,0,1,0,0,0,0
30,0,3,3,3,3,1,4,2097,4,0,15,3,3,1,9,3,1,5,3,1,4,2796.0,0.1111111111111111,2.6666666666666665,0,0,1,0,1,0,0,0,0,1,0,1,0,0,0,0,0,0,1,0
29,0,3,4,2,2,3,3,11935,1,0,18,3,3,0,10,2,3,10,2,0,7,14322.0,0.0,2.6666666666666665,0,1,1,0,0,0,1,0,0,1,0,0,0,0,1,0,0,0,1,0
29,1,25,5,3,2,1,2,2546,5,0,16,3,2,0,6,2,4,2,2,1,1,5092.0,0.16666666666666666,3.0,0,1,1,0,0,0,0,0,1,0,0,0,0,0,0,1,0,0,1,0
19,1,2,2,1,2,1,4,2564,1,0,12,3,3,0,1,3,4,1,0,0,0,30768.0,0.0,3.0,0,1,0,0,0,0,0,0,1,1,1,0,0,0,0,0,0,0,0,1
30,0,22,4,3,3,3,1,8412,0,0,11,3,3,0,10,3,3,9,8,7,8,10094.4,0.7,2.3333333333333335,0,0,0,1,0,0,0,1,0,0,0,0,0,0,0,0,1,0,1,0
57,0,29,3,1,2,4,4,14118,3,0,12,3,3,1,32,3,2,1,0,0,0,5294.25,0.0,2.3333333333333335,0,1,0,1,0,1,0,0,0,1,0,0,1,0,0,0,0,0,0,0
50,0,29,4,2,2,4,3,17046,0,0,15,3,2,1,28,2,3,27,10,15,7,7305.428571428572,0.5357142857142857,2.6666666666666665,0,1,1,0,1,0,0,0,0,1,0,0,1,0,0,0,0,0,1,0
30,0,2,3,3,3,1,4,2564,0,0,14,3,3,0,12,2,2,11,7,6,7,2564.0,0.5,3.0,0,0,1,0,0,0,1,0,0,0,0,1,0,0,0,0,0,0,0,1
60,0,28,3,3,2,3,1,10266,4,0,19,3,4,0,22,5,4,18,13,13,11,5599.636363636364,0.5909090909090909,2.6666666666666665,1,0,0,1,0,1,0,0,0,0,0,0,0,0,0,0,1,0,1,0
47,0,2,2,1,3,2,4,5070,5,0,13,3,3,3,20,2,3,5,0,0,4,3042.0,0.0,2.6666666666666665,0,1,1,0,0,0,1,0,0,0,0,0,0,1,0,0,0,0,0,0
46,0,2,3,1,3,4,3,17861,6,0,13,3,3,0,26,2,1,3,2,0,1,8243.538461538461,0.0,1.6666666666666667,0,1,1,0,1,0,0,0,0,1,0,0,0,0,1,0,0,0,1,0
35,0,22,3,4,1,1,3,4230,0,0,15,3,3,0,6,2,3,5,4,4,3,8460.0,0.6666666666666666,3.3333333333333335,0,1,1,0,1,0,0,0,0,1,0,1,0,0,0,0,0,0,0,1
54,0,8,4,3,3,2,3,3780,7,0,11,3,3,0,19,3,3,1,0,0,0,2387.3684210526317,0.0,3.0,0,1,1,0,1,0,0,0,0,0,0,1,0,0,0,0,0,0,0,1
34,0,2,4,4,2,1,3,2768,3,0,12,3,3,1,14,3,3,7,3,5,7,2372.5714285714284,0.35714285714285715,3.3333333333333335,0,1,1,0,1,0,0,0,0,1,0,0,0,0,0,1,0,0,0,0
46,0,10,3,3,2,3,4,9071,2,1,19,3,3,1,15,3,3,3,2,1,2,7256.8,0.06666666666666667,3.3333333333333335,0,1,0,1,0,1,0,0,0,0,0,0,0,0,0,0,1,0,1,0
31,0,9,1,3,3,3,2,10648,1,0,25,4,4,1,13,6,4,13,8,0,8,9828.923076923076,0.0,3.0,0,1,1,0,1,0,0,0,0,1,0,0,0,1,0,0,0,0,0,0
33,1,15,1,2,3,3,3,13610,7,1,12,3,4,0,15,2,4,7,6,7,7,10888.0,0.4666666666666667,3.0,0,1,1,0,0,0,1,0,0,1,0,0,1,0,0,0,0,0,1,0
33,1,10,1,1,1,1,4,3408,7,0,13,3,1,3,8,2,3,4,3,1,3,5112.0,0.125,2.6666666666666665,0,1,1,0,0,0,1,0,0,1,0,1,0,0,0,0,0,0,0,0
30,0,7,1,4,3,1,2,2983,0,0,14,3,1,0,4,3,3,3,2,1,2,8949.0,0.25,3.0,0,1,0,1,0,1,0,0,0,1,0,0,0,0,0,0,0,1,0,1
35,0,16,3,4,3,3,3,7632,4,1,12,3,3,0,10,2,3,8,7,0,0,9158.4,0.0,3.3333333333333335,0,1,1,0,1,0,0,0,0,1,0,0,0,0,0,0,0,0,1,0
31,1,20,3,1,3,3,3,9824,3,0,12,3,1,0,12,2,3,1,0,0,0,9824.0,0.0,2.3333333333333335,1,0,1,0,1,0,0,0,0,1,0,0,0,0,0,0,0,0,1,0
34,1,23,3,2,3,3,1,9950,9,1,15,3,3,3,11,2,3,3,2,0,2,10854.545454545454,0.0,2.0,1,0,0,0,0,0,0,0,0,0,1,0,0,0,0,0,0,0,0,0
42,0,5,2,2,3,1,3,2093,4,0,17,3,4,1,8,4,3,2,2,2,0,3139.5,0.25,2.6666666666666665,1,0,1,0,0,0,0,1,0,1,0,1,0,0,0,0,0,0,1,0
36,0,10,4,2,3,3,4,9980,1,0,14,3,4,0,10,3,2,10,3,9,7,11976.0,0.9,2.6666666666666665,0,0,0,1,0,0,1,0,0,1,0,0,0,0,0,0,1,0,0,1
22,1,4,1,3,2,1,3,3894,5,0,16,3,3,0,4,3,3,2,2,1,2,11682.0,0.25,3.0,1,0,1,0,0,0,0,0,1,1,0,1,0,0,0,0,0,0,0,1
48,0,2,5,2,3,2,4,4051,2,0,14,3,1,1,14,2,3,9,7,6,7,3472.285714285714,0.42857142857142855,3.0,0,1,0,1,0,1,0,0,0,0,0,0,0,0,0,0,1,0,1,0
55,0,18,5,1,3,4,2,16835,3,0,23,4,4,0,37,2,3,10,9,7,7,5460.0,0.1891891891891892,2.0,0,1,0,1,1,0,0,0,0,0,0,0,1,0,0,0,0,0,0,1
41,0,10,2,4,3,2,4,6230,7,0,14,3,4,0,16,3,3,14,3,1,10,4672.5,0.0625,3.6666666666666665,0,0,0,1,1,0,0,0,0,1,0,0,0,0,0,0,1,0,0,1
35,0,1,3,2,3,2,3,4717,9,0,11,3,3,0,15,2,3,11,9,6,9,3773.6,0.4,2.6666666666666665,0,1,0,1,0,1,0,0,0,1,0,0,0,0,0,0,1,0,1,0
40,0,6,3,2,3,4,3,13237,7,0,15,3,3,0,22,3,3,20,6,5,13,7220.181818181818,0.22727272727272727,2.6666666666666665,0,1,1,0,1,0,0,0,0,0,0,0,0,1,0,0,0,0,0,1
39,0,8,1,3,3,1,3,3755,1,0,11,3,1,1,8,3,3,8,3,0,7,5632.5,0.0,3.0,1,0,1,0,1,0,0,0,0,0,0,1,0,0,0,0,0,0,1,0
31,0,2,1,2,3,2,4,6582,4,1,13,3,3,0,10,2,4,6,5,0,5,7898.4,0.0,3.3333333333333335,0,1,0,1,1,0,0,0,0,1,0,0,0,0,0,0,1,0,0,1
42,0,24,3,4,3,3,1,7406,1,1,21,4,4,1,10,5,2,10,9,5,8,8887.2,0.5,2.3333333333333335,0,1,1,0,0,0,1,0,0,1,0,0,0,1,0,0,0,0,1,0
45,0,2,3,4,3,2,2,4805,0,0,19,3,2,1,9,3,4,8,7,3,7,6406.666666666667,0.3333333333333333,3.3333333333333335,0,1,0,1,0,0,0,1,0,1,0,0,0,0,0,0,1,0,1,0
26,1,17,4,2,3,1,3,2741,0,1,11,3,2,1,8,2,2,7,7,1,0,4111.5,0.125,2.3333333333333335,1,0,0,0,1,0,0,0,0,0,1,0,0,0,0,0,0,0,0,0
29,0,19,3,4,3,2,4,4262,4,0,12,3,2,2,8,2,4,3,2,1,2,6393.0,0.125,4.0,0,1,1,0,0,0,0,0,1,1,0,0,0,1,0,0,0,0,0,0
33,0,1,5,1,4,4,3,16184,4,0,19,3,3,1,10,2,3,6,1,0,5,19420.8,0.0,2.3333333333333335,0,1,1,0,0,0,1,0,0,0,0,0,0,0,1,0,0,0,0,0
31,0,7,3,3,2,3,4,11557,9,0,21,4,3,1,10,3,2,5,4,0,1,13868.4,0.0,3.0,0,1,0,1,1,0,0,0,0,1,0,0,1,0,0,0,0,0,0,0
18,1,5,3,2,3,1,2,1878,1,1,14,3,4,0,0,3,3,0,0,0,0,22536.0,0.0,2.3333333333333335,1,0,0,1,0,1,0,0,0,1,0,0,0,0,0,0,0,1,0,1
40,0,28,3,3,1,3,1,10932,3,0,15,3,3,1,20,2,3,1,0,0,1,6559.2,0.0,2.3333333333333335,0,0,0,1,0,0,0,1,0,1,0,0,0,0,0,0,1,0,0,0
41,0,2,4,1,2,2,3,6811,2,1,17,3,1,0,10,3,3,8,7,0,7,8173.2,0.0,2.3333333333333335,0,0,1,0,0,0,0,1,0,0,0,0,0,0,0,0,0,0,0,1
26,0,29,2,1,3,2,3,4306,5,0,12,3,1,2,8,5,3,0,0,0,0,6459.0,0.0,2.3333333333333335,0,1,0,1,0,0,1,0,0,1,0,0,0,0,0,0,1,0,0,0
35,0,1,3,1,3,2,3,4859,1,0,16,3,4,0,5,3,3,5,4,0,3,11661.6,0.0,2.3333333333333335,0,1,0,1,0,0,1,0,0,0,0,0,0,0,0,0,1,0,0,1
34,0,21,4,4,4,2,4,5337,1,0,12,3,4,0,10,3,3,10,7,5,7,6404.4,0.5,3.6666666666666665,0,1,0,1,1,0,0,0,0,1,0,0,0,0,0,0,1,0,0,1
26,1,24,3,3,1,1,4,2340,1,1,18,3,2,0,1,3,1,1,0,0,0,28080.0,0.0,2.6666666666666665,0,1,1,0,0,0,0,0,1,1,0,1,0,0,0,0,0,0,0,1
37,0,1,3,2,3,3,4,7491,4,0,17,3,4,0,12,3,4,6,5,1,2,7491.0,0.08333333333333333,3.3333333333333335,0,1,1,0,0,0,0,0,1,0,0,0,0,1,0,0,0,0,0,1
46,0,18,1,1,3,3,3,10527,5,0,11,3,4,0,28,3,2,2,2,1,2,4511.571428571428,0.03571428571428571,2.0,1,0,1,0,0,0,1,0,0,0,0,0,0,0,0,0,0,0,1,0
41,0,2,5,2,3,4,1,16595,7,0,16,3,2,1,22,2,3,18,16,11,8,9051.818181818182,0.5,2.0,0,1,0,1,1,0,0,0,0,0,0,0,1,0,0,0,0,0,1,0
37,0,9,4,1,3,3,2,8834,1,0,13,3,4,1,9,6,3,9,5,7,7,11778.666666666666,0.7777777777777778,2.0,0,0,0,1,0,0,1,0,0,1,0,0,0,0,0,0,1,0,0,0
52,0,6,2,4,3,2,1,5577,3,1,12,3,2,2,18,3,3,10,9,6,9,3718.0,0.3333333333333333,2.6666666666666665,0,1,1,0,0,0,0,0,1,1,0,0,0,0,0,1,0,0,0,0
32,1,11,4,4,4,2,3,4707,8,0,12,3,4,0,6,2,3,4,2,1,2,9414.0,0.16666666666666666,3.3333333333333335,0,0,0,1,0,0,0,1,0,1,0,0,0,0,0,0,1,0,1,0
24,0,24,3,4,3,1,4,2400,0,0,13,3,3,2,3,3,3,2,2,2,1,9600.0,0.6666666666666666,3.6666666666666665,1,0,0,1,0,0,1,0,0,1,0,0,0,0,0,0,0,1,1,0
38,0,10,3,3,3,2,3,9824,3,0,19,3,3,1,18,4,3,1,0,0,0,6549.333333333333,0.0,3.0,0,1,1,0,0,0,1,0,0,0,0,0,0,0,0,0,0,0,1,0
37,0,1,4,2,3,2,2,6447,6,0,12,3,2,1,8,2,2,6,5,4,3,9670.5,0.5,2.0,0,1,1,0,1,0,0,0,0,0,0,0,0,1,0,0,0,0,1,0
49,0,18,4,4,2,5,3,19502,1,1,17,3,3,1,31,5,3,31,9,0,9,7549.1612903225805,0.0,3.3333333333333335,0,1,1,0,1,0,0,0,0,1,0,0,0,0,1,0,0,0,0,0
24,0,23,3,2,4,1,4,2725,1,1,11,3,2,2,6,3,3,6,5,1,4,5450.0,0.16666666666666666,3.0,0,1,1,0,0,0,1,0,0,1,0,0,0,0,0,1,0,0,1,0
26,0,28,2,1,3,2,2,6272,1,0,20,4,4,2,6,5,4,5,3,1,4,12544.0,0.16666666666666666,2.3333333333333335,0,1,0,1,0,1,0,0,0,1,0,0,0,0,0,0,1,0,1,0
24,0,17,2,4,2,1,2,2127,1,0,21,4,4,1,1,2,3,1,0,0,0,25524.0,0.0,3.0,0,1,1,0,0,0,0,1,0,1,0,1,0,0,0,0,0,0,1,0
50,0,3,3,1,3,5,2,18200,1,0,11,3,3,1,32,2,3,32,5,10,7,6825.0,0.3125,2.0,1,0,0,0,0,0,1,0,0,1,0,0,1,0,0,0,0,0,1,0
25,0,13,1,2,3,1,3,2096,1,0,11,3,3,0,7,1,3,7,4,0,6,3593.1428571428573,0.0,2.6666666666666665,0,1,0,1,0,0,1,0,0,1,0,0,0,0,0,0,0,1,1,0
24,1,7,3,1,3,1,3,2886,1,1,16,3,4,1,6,4,3,6,3,1,2,5772.0,0.16666666666666666,2.3333333333333335,1,0,1,0,1,0,0,0,0,0,0,1,0,0,0,0,0,0,1,0
30,1,12,4,2,2,1,1,2033,1,0,18,3,3,1,1,2,4,1,0,0,0,24396.0,0.0,2.3333333333333335,1,0,0,1,1,0,0,0,0,1,0,0,0,0,0,0,0,1,1,0
34,0,1,2,2,2,1,4,3622,1,1,13,3,4,1,6,3,3,6,5,1,3,7244.0,0.16666666666666666,3.0,0,1,1,0,1,0,0,0,0,1,0,0,0,0,0,1,0,0,1,0
31,1,13,4,2,3,2,1,4233,2,0,17,3,3,0,9,2,1,3,1,1,2,5644.0,0.1111111111111111,1.3333333333333333,0,1,0,1,0,0,1,0,0,1,0,0,0,0,0,0,1,0,0,0
35,0,25,2,1,2,2,4,3681,4,0,14,3,4,0,9,3,3,3,2,0,2,4908.0,0.0,2.6666666666666665,0,1,1,0,0,0,0,1,0,1,0,1,0,0,0,0,0,0,0,1
31,0,6,4,1,4,2,4,5460,4,0,22,4,4,2,13,4,4,7,7,5,7,5040.0,0.38461538461538464,3.0,0,1,0,1,0,0,1,0,0,1,0,0,0,0,0,0,1,0,0,0
27,0,6,4,1,2,1,3,2187,0,0,12,3,3,2,6,5,2,5,3,0,3,4374.0,0.0,2.0,0,1,1,0,0,0,1,0,0,0,0,0,0,0,0,1,0,0,0,0
37,0,2,3,4,3,2,3,9602,4,1,11,3,3,1,17,3,2,3,0,1,0,6777.882352941177,0.058823529411764705,3.0,0,1,0,1,0,1,0,0,0,1,0,0,0,0,0,0,1,0,1,0
20,0,1,3,4,2,1,2,2836,1,0,13,3,4,0,1,0,4,1,0,0,0,34032.0,0.0,3.3333333333333335,0,1,1,0,1,0,0,0,0,0,0,0,0,0,0,1,0,0,0,1
42,0,2,4,3,3,2,4,4089,1,0,13,3,2,2,10,4,3,10,2,2,2,4906.8,0.2,3.3333333333333335,0,1,1,0,1,0,0,0,0,0,0,0,0,0,0,0,0,0,1,0
43,0,6,4,2,2,4,4,16627,4,1,14,3,3,1,21,3,2,1,0,0,0,9501.142857142857,0.0,2.6666666666666665,0,1,1,0,0,0,0,1,0,1,0,0,0,0,1,0,0,0,0,0
38,0,1,1,3,3,1,1,2619,3,0,17,3,4,0,8,3,2,0,0,0,0,3928.5,0.0,2.0,0,1,1,0,1,0,0,0,0,0,0,0,0,0,0,1,0,0,0,1
43,0,9,5,4,3,2,3,5679,3,1,13,3,2,1,10,3,3,8,7,4,7,6814.8,0.4,3.3333333333333335,1,0,1,0,0,0,1,0,0,1,0,1,0,0,0,0,0,0,0,0
48,0,1,4,4,2,4,1,15402,7,0,11,3,1,1,21,3,1,3,2,0,2,8801.142857142857,0.0,2.0,0,1,1,0,1,0,0,0,0,0,0,0,1,0,0,0,0,0,1,0
44,0,1,4,1,2,2,3,5985,4,0,11,3,2,0,10,1,4,2,2,0,2,7182.0,0.0,2.6666666666666665,0,1,0,0,1,0,0,0,0,0,1,0,0,0,0,0,0,0,0,1
34,0,14,3,3,3,1,3,2579,1,1,18,3,4,2,8,3,3,8,2,0,6,3868.5,0.0,3.0,0,1,0,1,0,0,0,0,1,0,0,0,0,0,0,0,0,1,0,0
27,1,2,1,3,3,1,1,3041,0,0,11,3,2,1,5,3,3,4,3,0,2,7298.4,0.0,2.3333333333333335,0,1,0,1,0,1,0,0,0,1,0,0,0,0,0,0,0,1,0,0
21,0,22,1,3,3,1,3,3447,1,0,11,3,3,0,3,2,3,3,2,1,2,13788.0,0.3333333333333333,3.0,0,1,0,1,0,0,0,0,1,1,0,0,0,0,0,0,0,1,0,1
44,0,3,4,4,3,5,4,19513,4,1,12,3,1,1,26,2,4,2,2,0,1,9006.0,0.0,4.0,0,1,1,0,0,0,0,1,0,1,0,0,1,0,0,0,0,0,1,0
22,0,6,1,1,3,1,3,2773,0,0,20,4,4,0,3,3,3,2,2,2,2,11092.0,0.6666666666666666,2.3333333333333335,0,1,1,0,0,0,1,0,0,1,0,0,0,0,0,1,0,0,1,0
33,0,8,4,3,3,2,3,7104,0,0,12,3,4,0,6,3,3,5,0,1,2,14208.0,0.16666666666666666,3.0,0,1,0,1,0,1,0,0,0,1,0,0,0,0,0,0,1,0,0,0
32,0,9,4,1,3,2,4,6322,1,1,12,3,4,1,6,2,2,6,4,0,5,12644.0,0.0,2.3333333333333335,0,1,1,0,1,0,0,0,0,0,0,0,0,0,0,1,0,0,1,0
30,0,3,3,3,3,1,3,2083,1,0,20,4,3,1,1,2,3,1,0,0,0,24996.0,0.0,3.0,1,0,1,0,0,0,1,0,0,0,0,0,0,0,0,1,0,0,0,0
53,0,1,1,4,3,2,1,8381,7,0,20,4,4,0,18,2,4,14,7,8,10,5587.333333333333,0.4444444444444444,3.0,0,1,0,1,0,0,1,0,0,0,0,0,0,0,0,0,1,0,0,1
34,0,1,5,2,3,1,4,2691,1,0,12,3,4,1,10,4,2,10,9,8,8,3229.2,0.8,2.6666666666666665,0,1,1,0,1,0,0,0,0,1,0,0,0,0,0,1,0,0,1,0
45,1,26,4,1,3,2,1,4286,2,0,14,3,4,2,5,4,3,1,1,0,0,10286.4,0.0,1.6666666666666667,1,0,0,1,1,0,0,0,0,0,0,0,0,0,0,0,1,0,1,0
26,0,6,3,3,3,1,4,2659,1,1,13,3,3,1,3,2,3,3,2,0,2,10636.0,0.0,3.3333333333333335,0,1,1,0,1,0,0,0,0,0,0,1,0,0,0,0,0,0,1,0
37,0,3,3,3,3,3,3,9434,1,0,15,3,3,1,10,2,3,10,7,7,8,11320.8,0.7,3.0,0,1,1,0,0,0,0,1,0,1,0,0,0,1,0,0,0,0,1,0
29,0,3,2,2,3,2,3,5561,1,0,14,3,1,1,6,5,2,6,0,1,2,11122.0,0.16666666666666666,2.3333333333333335,0,1,0,1,0,0,1,0,0,0,0,0,0,0,0,0,1,0,1,0
35,0,6,4,2,1,2,4,6646,1,0,13,3,2,0,17,3,3,17,11,11,8,4691.294117647059,0.6470588235294118,3.0,0,1,1,0,1,0,0,0,0,1,0,0,0,0,0,1,0,0,0,1
33,0,6,3,3,3,2,4,7725,3,0,23,4,3,1,15,2,1,13,11,4,7,6180.0,0.26666666666666666,2.6666666666666665,1,0,1,0,1,0,0,0,0,1,0,0,0,0,0,0,0,0,0,0
54,0,19,4,3,3,3,2,10725,2,0,15,3,3,1,16,1,4,9,7,7,1,8043.75,0.4375,3.0,0,1,0,0,0,0,1,0,0,1,1,0,0,0,0,0,0,0,1,0
36,0,9,2,2,2,2,2,8847,2,1,11,3,3,1,13,2,3,3,2,0,2,8166.461538461538,0.0,2.3333333333333335,0,1,1,0,0,0,1,0,0,1,0,0,0,1,0,0,0,0,0,0
27,0,3,4,1,2,1,4,2045,0,0,13,3,4,0,5,0,3,4,2,1,1,4908.0,0.2,2.6666666666666665,0,1,1,0,0,0,1,0,0,1,0,0,0,0,0,1,0,0,0,1
20,1,10,1,4,3,1,3,1009,1,1,11,3,4,0,1,5,3,1,0,1,1,12108.0,1.0,3.3333333333333335,0,1,1,0,0,0,1,0,0,1,0,0,0,0,0,1,0,0,0,1
33,1,3,3,1,3,1,1,3348,1,1,11,3,1,0,10,3,3,10,8,9,7,4017.6,0.9,1.6666666666666667,1,0,1,0,1,0,0,0,0,1,0,0,0,0,0,1,0,0,0,1
35,0,3,3,3,2,1,3,1281,1,0,18,3,3,2,1,3,3,1,0,0,0,15372.0,0.0,3.0,0,0,1,0,1,0,0,0,0,1,0,1,0,0,0,0,0,0,1,0
23,0,4,3,1,4,1,1,2819,2,0,16,3,1,1,5,3,4,3,2,0,2,6765.6,0.0,2.0,0,1,1,0,0,0,1,0,0,1,0,0,0,0,0,1,0,0,1,0
25,0,8,3,4,4,2,2,4851,0,0,22,4,3,1,4,4,3,3,2,1,2,14553.0,0.25,3.0,0,1,0,1,1,0,0,0,0,1,0,0,0,0,0,0,1,0,1,0
38,0,7,4,4,2,2,4,4028,0,0,20,4,1,0,8,2,3,7,7,0,5,6042.0,0.0,3.6666666666666665,0,1,0,1,0,1,0,0,0,0,0,0,0,0,0,0,1,0,0,1
29,0,1,4,2,1,1,4,2720,1,0,18,3,4,1,10,5,3,10,7,2,8,3264.0,0.2,3.0,1,0,1,0,1,0,0,0,0,1,0,0,0,0,0,1,0,0,0,0
48,0,2,1,2,4,2,2,8120,3,0,12,3,4,0,12,3,3,2,2,2,2,8120.0,0.16666666666666666,2.3333333333333335,0,1,0,1,0,1,0,0,0,1,0,0,0,0,0,0,1,0,1,0
27,0,3,1,4,4,2,4,4647,1,1,20,4,2,2,6,3,3,6,5,0,4,9294.0,0.0,3.6666666666666665,1,0,0,1,0,0,1,0,0,0,0,0,0,0,0,0,1,0,0,0
37,0,10,2,4,4,1,4,4680,3,0,17,3,1,0,4,2,3,1,0,0,0,14040.0,0.0,3.6666666666666665,0,1,1,0,1,0,0,0,0,1,0,0,0,0,0,1,0,0,0,1
50,0,28,1,4,4,1,3,3221,1,1,11,3,3,3,20,3,3,20,8,3,8,1932.6,0.15,3.3333333333333335,0,1,1,0,0,0,1,0,0,1,0,1,0,0,0,0,0,0,1,0
34,0,9,3,4,2,3,2,8621,1,0,14,3,2,0,9,3,4,8,7,7,7,11494.666666666666,0.7777777777777778,3.3333333333333335,0,1,1,0,0,0,1,0,0,0,0,0,0,0,0,0,0,0,0,1
24,1,3,2,1,3,2,3,4577,9,0,14,3,1,0,4,3,3,2,2,2,0,13731.0,0.5,2.3333333333333335,0,1,0,1,1,0,0,0,0,0,0,0,0,0,0,0,1,0,0,1
39,0,2,4,4,2,2,3,4553,1,0,11,3,1,0,20,4,3,20,7,11,10,2731.8,0.55,3.3333333333333335,0,1,1,0,0,0,0,0,1,0,0,0,0,0,0,0,0,0,0,1
32,0,10,3,4,3,2,4,5396,1,0,12,3,4,0,10,2,2,10,7,0,8,6475.2,0.0,3.3333333333333335,0,1,0,1,0,1,0,0,0,1,0,0,0,0,0,0,1,0,0,1
50,1,8,2,2,3,2,3,6796,3,1,14,3,1,1,18,4,3,4,3,1,3,4530.666666666667,0.05555555555555555,2.6666666666666665,1,0,0,1,0,0,0,0,1,1,0,0,0,0,0,0,1,0,1,0
38,0,1,4,2,4,2,4,7625,0,0,13,3,3,0,10,4,2,9,7,1,8,9150.0,0.1,2.6666666666666665,0,1,1,0,1,0,0,0,0,0,0,0,0,0,0,0,0,0,0,1
27,0,1,2,3,3,3,1,7412,1,0,11,3,4,0,9,3,3,9,7,0,7,9882.666666666666,0.0,2.3333333333333335,0,1,1,0,1,0,0,0,0,0,0,0,0,1,0,0,0,0,1,0
32,0,3,2,3,3,3,4,11159,3,0,15,3,4,0,10,6,3,7,7,7,7,13390.8,0.7,3.3333333333333335,0,1,1,0,1,0,0,0,0,0,0,0,0,0,1,0,0,0,0,1
47,0,14,4,4,3,2,1,4960,2,0,12,3,4,0,20,2,3,7,7,1,7,2976.0,0.05,2.6666666666666665,0,1,0,1,0,1,0,0,0,1,0,0,0,0,0,0,1,0,0,1
40,0,5,4,4,2,3,1,10475,5,1,21,4,3,1,20,2,3,18,13,1,12,6285.0,0.05,2.6666666666666665,1,0,0,1,1,0,0,0,0,1,0,0,0,0,0,0,1,0,1,0
53,0,7,3,3,4,4,3,14814,3,0,19,3,3,0,32,3,3,5,1,1,3,5555.25,0.03125,3.0,0,1,1,0,1,0,0,0,0,1,0,0,0,0,1,0,0,0,1,0
41,0,10,4,2,2,5,4,19141,3,0,15,3,2,3,23,2,2,21,6,12,6,9986.608695652174,0.5217391304347826,2.6666666666666665,0,1,0,0,0,0,0,0,0,1,0,0,1,0,0,0,0,0,0,0
60,0,16,4,1,3,2,1,5405,8,0,14,3,4,0,10,1,3,2,2,2,2,6486.0,0.2,1.6666666666666667,0,1,0,1,0,1,0,0,0,1,0,0,0,0,0,0,1,0,0,1
27,0,10,2,4,3,3,1,8793,1,0,21,4,3,2,9,4,2,9,7,1,7,11724.0,0.1111111111111111,2.3333333333333335,1,0,1,0,1,0,0,0,0,1,0,0,0,1,0,0,0,0,0,0
41,0,1,3,4,2,5,3,19189,1,0,12,3,2,1,22,3,3,22,7,2,10,10466.727272727272,0.09090909090909091,3.3333333333333335,0,1,0,0,0,0,0,0,0,1,0,0,1,0,0,0,0,0,1,0
50,0,8,4,4,3,1,2,3875,7,0,15,3,4,1,4,2,3,2,2,2,2,11625.0,0.5,3.0,0,1,0,1,0,1,0,0,0,1,0,0,0,0,0,0,0,1,1,0
28,1,1,2,1,1,1,2,2216,7,1,13,3,4,0,10,4,3,7,7,3,7,2659.2,0.3,2.0,0,1,1,0,1,0,0,0,0,0,0,0,0,0,0,1,0,0,0,1
36,0,8,3,1,4,3,1,11713,9,0,14,3,1,1,10,2,3,8,7,0,5,14055.6,0.0,1.6666666666666667,0,0,1,0,1,0,0,0,0,0,0,0,0,0,1,0,0,0,1,0
38,0,1,3,3,3,3,3,7861,4,1,14,3,4,0,10,4,4,1,0,0,0,9433.2,0.0,3.3333333333333335,0,1,1,0,1,0,0,0,0,0,0,0,0,1,0,0,0,0,0,1
44,0,24,3,1,1,1,3,3708,2,0,14,3,3,0,9,5,3,5,2,1,4,4944.0,0.1111111111111111,2.3333333333333335,0,0,1,0,0,0,1,0,0,1,0,1,0,0,0,0,0,0,0,1
47,0,3,3,4,3,4,3,13770,9,1,12,3,4,2,28,2,2,22,2,11,13,5901.428571428572,0.39285714285714285,3.0,1,0,0,1,0,0,1,0,0,0,0,0,0,0,0,0,1,0,0,0
30,0,27,5,3,3,2,4,5304,7,0,23,4,4,1,10,2,2,8,7,7,7,6364.8,0.7,3.0,0,1,0,1,0,1,0,0,0,1,0,0,0,0,0,0,1,0,0,0
29,0,10,3,3,3,1,3,2642,1,0,11,3,3,0,1,6,3,1,0,0,0,31704.0,0.0,3.0,0,1,0,1,1,0,0,0,0,1,0,0,0,0,0,0,0,1,0,1
42,1,19,3,3,4,1,3,2759,6,1,12,3,4,0,7,2,3,2,2,2,2,4729.714285714285,0.2857142857142857,3.0,1,0,1,0,0,0,1,0,0,1,0,0,0,0,0,1,0,0,0,0
43,0,15,3,4,2,2,4,6804,3,0,18,3,3,1,7,5,3,2,2,2,2,11664.0,0.2857142857142857,3.6666666666666665,1,0,0,1,1,0,0,0,0,1,0,0,0,0,0,0,1,0,1,0
34,0,8,2,2,3,2,3,6142,3,0,11,3,4,0,10,2,3,5,1,4,3,7370.4,0.4,2.6666666666666665,0,1,1,0,0,0,1,0,0,0,0,0,0,0,0,0,0,0,0,1
23,0,9,1,2,3,1,1,2500,1,0,14,3,4,1,5,2,4,4,3,0,2,6000.0,0.0,2.3333333333333335,0,1,1,0,0,0,1,0,0,1,0,1,0,0,0,0,0,0,1,0
39,0,3,3,3,4,2,2,6389,9,0,15,3,3,1,12,3,1,8,3,3,6,6389.0,0.25,2.0,0,1,0,0,0,0,0,0,0,0,1,0,0,0,0,0,0,0,1,0
56,0,9,3,3,3,4,4,11103,7,0,11,3,3,0,30,1,2,10,7,1,1,4441.2,0.03333333333333333,3.0,0,1,1,0,0,0,1,0,0,1,0,0,0,0,0,0,0,0,1,0
40,0,2,1,4,2,1,4,2342,0,1,20,4,4,0,5,2,2,4,2,2,3,5620.8,0.4,3.3333333333333335,0,1,1,0,0,0,1,0,0,0,0,0,0,0,0,1,0,0,0,1
27,0,7,3,4,2,2,1,6811,8,0,19,3,1,0,9,2,1,7,6,0,7,9081.333333333334,0.0,2.0,0,1,1,0,0,0,1,0,0,0,0,0,0,0,0,0,0,0,0,1
29,0,10,3,4,3,1,2,2297,1,0,14,3,4,2,2,2,3,2,2,2,2,13782.0,1.0,3.0,0,1,0,1,0,1,0,0,0,1,0,0,0,0,0,0,0,1,0,0
53,0,6,3,4,3,2,4,2450,2,0,17,3,4,0,19,4,3,2,2,2,2,1547.3684210526317,0.10526315789473684,3.6666666666666665,0,1,1,0,1,0,0,0,0,1,0,1,0,0,0,0,0,0,0,1
35,0,2,4,4,3,2,1,5093,2,0,11,3,1,1,16,2,4,1,0,0,0,3819.75,0.0,3.0,0,0,1,0,1,0,0,0,0,0,0,0,0,0,0,0,0,0,0,0
32,0,24,4,1,3,2,4,5309,1,0,15,3,4,2,10,2,3,10,8,4,7,6370.8,0.4,2.6666666666666665,1,0,1,0,1,0,0,0,0,1,0,1,0,0,0,0,0,0,1,0
38,0,2,5,4,3,1,3,3057,6,1,13,3,2,1,6,0,1,1,0,0,1,6114.0,0.0,2.6666666666666665,0,1,1,0,0,0,1,0,0,1,0,0,0,0,0,1,0,0,1,0
34,0,8,5,2,3,2,1,5121,3,0,14,3,3,1,7,3,3,0,0,0,0,8778.857142857143,0.0,2.0,0,1,1,0,1,0,0,0,0,0,0,0,0,1,0,0,0,0,0,0
52,0,3,4,3,2,4,1,16856,1,0,11,3,1,0,34,3,4,34,6,1,16,5949.176470588235,0.029411764705882353,2.6666666666666665,0,1,0,1,0,1,0,0,0,1,0,0,1,0,0,0,0,0,1,0
33,1,1,4,4,3,1,4,2686,1,1,13,3,3,0,10,2,2,10,9,7,8,3223.2,0.7,3.3333333333333335,0,1,1,0,0,0,0,1,0,1,0,0,0,0,0,1,0,0,0,1
25,0,26,1,3,3,2,4,6180,1,0,23,4,2,0,6,5,2,6,5,1,4,12360.0,0.16666666666666666,3.0,0,1,0,1,0,0,1,0,0,0,0,0,0,0,0,0,1,0,0,1
45,0,2,2,2,1,2,3,6632,0,0,13,3,1,0,9,3,3,8,7,3,1,8842.666666666666,0.3333333333333333,2.6666666666666665,0,1,0,1,0,0,0,0,1,1,0,0,0,0,0,0,0,1,0,1
23,0,10,1,1,4,1,3,3505,1,0,18,3,4,0,2,3,3,2,2,0,2,21030.0,0.0,2.3333333333333335,0,1,1,0,0,0,1,0,0,1,0,0,0,0,0,1,0,0,0,1
47,1,27,2,2,4,2,3,6397,4,1,12,3,4,0,8,2,3,5,4,1,3,9595.5,0.125,2.6666666666666665,1,0,0,1,1,0,0,0,0,0,0,0,0,0,0,0,1,0,0,1
34,0,2,3,4,3,2,4,6274,1,0,22,4,3,0,6,5,3,6,5,1,4,12548.0,0.16666666666666666,3.6666666666666665,0,1,0,1,0,0,0,1,0,1,0,0,0,0,0,0,1,0,0,1
55,1,2,3,4,3,5,1,19859,5,1,13,3,4,1,24,2,3,5,2,1,4,9929.5,0.041666666666666664,2.6666666666666665,0,1,1,0,0,0,1,0,0,1,0,0,1,0,0,0,0,0,1,0
36,0,8,4,1,2,3,1,7587,1,0,15,3,2,0,10,1,3,10,7,0,9,9104.4,0.0,1.6666666666666667,0,0,0,1,1,0,0,0,0,1,0,0,0,0,0,0,1,0,0,1
52,0,19,4,4,3,1,4,4258,0,0,18,3,1,1,5,3,3,4,3,1,2,10219.2,0.2,3.6666666666666665,0,0,1,0,0,0,1,0,0,1,0,0,0,0,0,1,0,0,1,0
26,0,1,2,1,1,1,4,4364,3,0,14,3,1,1,5,2,3,2,2,2,0,10473.6,0.4,2.6666666666666665,1,0,1,0,1,0,0,0,0,0,0,1,0,0,0,0,0,0,0,0
29,0,27,3,2,3,2,3,4335,4,0,12,3,1,1,11,3,2,8,7,1,1,4729.090909090909,0.09090909090909091,2.3333333333333335,0,1,1,0,0,0,1,0,0,0,0,0,0,0,0,0,0,0,1,0
26,1,8,3,4,2,2,1,5326,6,0,17,3,3,0,6,2,2,4,3,1,2,10652.0,0.16666666666666666,2.3333333333333335,0,1,0,1,0,0,0,0,1,1,0,0,0,0,0,0,1,0,0,1
34,0,1,4,2,4,1,4,3280,2,0,16,3,3,0,10,2,3,4,2,1,3,3936.0,0.1,3.0,0,1,1,0,1,0,0,0,0,0,0,0,0,0,0,1,0,0,0,1
54,0,19,4,4,3,2,1,5485,9,1,11,3,2,2,9,4,3,5,3,1,4,7313.333333333333,0.1111111111111111,2.6666666666666665,0,1,1,0,0,0,1,0,0,0,0,0,0,1,0,0,0,0,0,0
27,0,8,1,3,3,2,4,4342,0,0,19,3,2,1,5,3,3,4,2,1,1,10420.8,0.2,3.3333333333333335,1,0,0,1,0,1,0,0,0,1,0,0,0,0,0,0,1,0,1,0
37,0,10,1,4,3,1,1,2782,0,1,13,3,2,2,6,3,2,5,3,4,3,5564.0,0.6666666666666666,2.3333333333333335,0,1,1,0,1,0,0,0,0,0,0,0,0,0,0,1,0,0,0,0
38,0,2,4,1,4,2,1,5980,6,1,12,3,4,0,17,2,3,15,7,4,12,4221.176470588235,0.23529411764705882,1.6666666666666667,1,0,1,0,1,0,0,0,0,0,0,0,0,1,0,0,0,0,0,1
34,0,2,4,3,2,1,1,4381,1,0,11,3,3,0,6,3,3,6,5,1,3,8762.0,0.16666666666666666,2.3333333333333335,0,1,1,0,0,0,1,0,0,0,0,0,0,0,0,1,0,0,0,1
35,0,8,4,1,3,1,4,2572,1,0,16,3,2,1,3,1,2,3,2,0,2,10288.0,0.0,2.3333333333333335,0,1,0,1,1,0,0,0,0,0,0,0,0,0,0,0,0,1,1,0
30,0,1,3,4,1,1,3,3833,3,0,21,4,3,2,7,2,3,2,2,0,2,6570.857142857143,0.0,3.3333333333333335,0,1,1,0,1,0,0,0,0,1,0,1,0,0,0,0,0,0,1,0
40,0,2,2,3,4,2,2,4244,1,0,24,4,4,1,8,2,3,8,7,3,7,6366.0,0.375,2.6666666666666665,1,0,1,0,0,0,1,0,0,0,0,0,0,0,0,0,0,0,1,0
34,0,8,2,3,3,2,1,6500,5,0,17,3,2,1,6,1,3,3,2,1,2,13000.0,0.16666666666666666,2.3333333333333335,0,1,0,1,1,0,0,0,0,0,0,0,0,0,0,0,1,0,1,0
42,0,8,3,2,3,5,4,18430,1,0,13,3,2,1,24,4,2,24,7,14,9,9215.0,0.5833333333333334,2.6666666666666665,1,0,1,0,1,0,0,0,0,1,0,0,1,0,0,0,0,0,0,0
23,1,6,3,3,4,1,1,1601,1,1,21,4,3,2,1,2,3,0,0,0,0,19212.0,0.0,2.3333333333333335,0,1,1,0,1,0,0,0,0,1,0,1,0,0,0,0,0,0,1,0
24,0,9,3,3,2,1,2,2694,1,0,11,3,3,3,1,4,3,1,0,0,0,32328.0,0.0,2.6666666666666665,0,0,1,0,1,0,0,0,0,1,0,1,0,0,0,0,0,0,0,0
52,0,11,4,4,3,2,3,3149,8,0,20,4,2,1,9,3,3,5,2,1,4,4198.666666666667,0.1111111111111111,3.3333333333333335,0,1,1,0,1,0,0,0,0,0,0,1,0,0,0,0,0,0,1,0
50,0,2,3,3,3,4,3,17639,5,0,16,3,4,0,30,3,3,4,3,0,3,7055.6,0.0,3.0,0,1,1,0,0,0,1,0,0,1,0,0,0,0,1,0,0,0,1,0
29,1,1,2,2,2,1,1,2319,1,1,11,3,4,1,1,1,3,1,0,0,0,27828.0,0.0,2.0,0,1,1,0,1,0,0,0,0,0,0,1,0,0,0,0,0,0,1,0
33,0,7,3,3,3,3,3,11691,0,0,11,3,4,0,14,3,4,13,9,3,7,10020.857142857143,0.21428571428571427,3.3333333333333335,0,1,1,0,0,0,1,0,0,1,0,0,0,0,1,0,0,0,1,0
33,1,16,3,1,3,2,1,5324,5,0,15,3,3,0,6,3,3,3,2,0,2,10648.0,0.0,1.6666666666666667,0,1,0,1,0,1,0,0,0,0,0,0,0,0,0,0,1,0,0,1
47,0,2,2,3,3,4,4,16752,1,1,11,3,3,1,26,3,2,26,14,3,0,7731.692307692308,0.11538461538461539,3.0,0,1,1,0,0,0,0,1,0,0,0,0,1,0,0,0,0,0,1,0
36,0,1,3,3,3,2,2,5228,0,0,15,3,1,1,10,2,3,9,7,0,5,6273.6,0.0,2.6666666666666665,0,1,1,0,0,0,0,1,0,0,0,0,0,1,0,0,0,0,1,0
29,0,23,2,3,4,1,3,2700,1,0,24,4,3,1,10,3,3,10,7,0,7,3240.0,0.0,3.0,0,1,1,0,1,0,0,0,0,1,0,0,0,0,0,1,0,0,1,0
58,1,2,4,4,3,5,2,19246,7,1,12,3,4,0,40,2,3,31,15,13,8,5773.8,0.325,3.0,0,1,1,0,1,0,0,0,0,1,0,0,0,0,1,0,0,0,0,1
35,0,1,4,4,4,1,3,2506,3,0,13,3,3,0,7,0,3,2,2,2,2,4296.0,0.2857142857142857,3.3333333333333335,0,1,1,0,1,0,0,0,0,0,0,0,0,0,0,1,0,0,0,1
42,0,1,2,4,2,2,4,6062,9,1,13,3,4,1,8,4,3,4,3,0,2,9093.0,0.0,3.6666666666666665,0,1,1,0,1,0,0,0,0,0,0,0,0,1,0,0,0,0,1,0
28,1,2,4,3,3,1,3,4382,6,0,17,3,4,0,5,3,2,2,2,2,1,10516.8,0.4,2.6666666666666665,0,1,1,0,0,0,1,0,0,1,0,0,0,0,0,1,0,0,0,1
36,0,13,3,3,3,1,2,2143,4,0,13,3,2,1,8,2,3,5,2,0,4,3214.5,0.0,2.6666666666666665,0,1,0,0,0,0,0,0,0,1,1,0,0,0,0,0,0,0,1,0
32,0,4,3,3,2,2,3,6162,1,0,12,3,3,1,14,3,3,14,13,6,8,5281.714285714285,0.42857142857142855,3.0,0,1,1,0,1,0,0,0,0,0,0,0,0,1,0,0,0,0,1,0
40,0,16,4,1,2,2,3,5094,6,0,14,3,4,0,10,6,3,1,0,0,0,6112.8,0.0,2.3333333333333335,1,0,1,0,0,0,1,0,0,1,0,1,0,0,0,0,0,0,0,1
30,0,2,3,3,2,2,4,6877,5,1,24,4,2,0,12,4,2,0,0,0,0,6877.0,0.0,3.0,0,1,1,0,0,0,1,0,0,0,0,0,0,1,0,0,0,0,0,1
45,0,2,3,2,2,1,3,2274,1,0,14,3,4,0,1,3,3,1,0,0,0,27288.0,0.0,2.6666666666666665,0,1,1,0,1,0,0,0,0,0,0,0,0,0,0,1,0,0,0,1
42,0,29,3,2,3,2,2,4434,1,0,13,3,4,1,10,3,2,9,8,7,8,5320.8,0.7,2.0,0,1,1,0,1,0,0,0,0,1,0,0,0,1,0,0,0,0,1,0
38,0,12,3,1,2,2,1,6288,2,0,15,3,3,1,13,3,2,4,3,1,2,5804.307692307692,0.07692307692307693,1.3333333333333333,1,0,1,0,1,0,0,0,0,1,0,0,0,0,0,0,0,0,0,0
34,0,16,4,3,2,1,4,2553,1,0,16,3,3,0,6,3,3,5,2,1,3,5106.0,0.16666666666666666,3.3333333333333335,1,0,1,0,1,0,0,0,0,0,0,0,0,0,0,1,0,0,0,1
49,1,11,3,3,3,3,4,7654,1,0,18,3,1,2,9,3,4,9,8,7,7,10205.333333333334,0.7777777777777778,3.6666666666666665,0,1,0,1,0,1,0,0,0,0,0,0,0,0,0,0,1,0,1,0
55,1,2,1,3,3,2,4,5160,4,0,16,3,3,0,12,3,2,9,7,7,3,5160.0,0.5833333333333334,3.0,0,1,0,1,0,0,1,0,0,1,0,0,0,0,0,0,1,0,0,1
43,0,14,2,2,3,4,1,17159,6,0,24,4,3,1,22,3,3,4,1,1,0,9359.454545454546,0.045454545454545456,2.0,0,1,1,0,1,0,0,0,0,1,0,0,0,0,1,0,0,0,1,0
27,0,5,1,3,2,3,4,12808,1,1,16,3,2,1,9,3,3,9,8,0,8,17077.333333333332,0.0,3.3333333333333335,0,1,1,0,0,0,0,0,1,1,0,0,0,0,1,0,0,0,0,0
35,0,7,3,3,3,3,3,10221,3,0,21,4,2,0,17,3,4,8,5,1,6,7214.823529411765,0.058823529411764705,3.3333333333333335,0,1,1,0,0,0,0,1,0,1,0,0,0,1,0,0,0,0,0,1
28,0,2,4,2,3,2,2,4779,1,1,20,4,1,0,8,2,3,8,7,7,5,7168.5,0.875,2.3333333333333335,0,1,0,1,0,1,0,0,0,0,0,0,0,0,0,0,1,0,1,0
34,0,3,2,3,3,1,4,3737,0,0,19,3,3,1,4,1,1,3,2,0,2,11211.0,0.0,2.6666666666666665,0,1,0,0,0,0,0,0,0,1,1,0,0,0,0,0,0,0,1,0
26,1,5,2,3,2,1,3,2366,1,1,14,3,1,1,8,2,3,8,7,1,7,3549.0,0.125,3.0,1,0,1,0,0,0,1,0,0,0,0,0,0,0,0,1,0,0,1,0
27,0,3,3,4,3,1,4,1706,1,0,11,3,3,3,0,6,2,0,0,0,0,20472.0,0.0,3.3333333333333335,0,0,1,0,0,0,1,0,0,1,0,0,0,0,0,1,0,0,1,0
51,0,26,4,1,3,4,3,16307,2,0,14,3,3,1,29,2,2,20,6,4,17,6747.724137931034,0.13793103448275862,2.0,0,1,0,1,0,1,0,0,0,0,0,0,1,0,0,0,0,0,1,0
44,0,4,3,4,3,2,2,5933,9,0,12,3,4,0,10,2,2,5,2,2,3,7119.6,0.2,2.6666666666666665,0,1,1,0,0,0,1,0,0,1,0,0,0,0,0,0,0,0,0,1
25,0,2,1,1,4,1,1,3424,7,0,13,3,3,0,6,3,2,4,3,0,1,6848.0,0.0,1.3333333333333333,0,1,1,0,0,0,1,0,0,1,0,0,0,0,0,1,0,0,0,1
33,0,1,3,1,4,2,1,4037,1,0,22,4,1,1,9,5,3,9,8,0,8,5382.666666666667,0.0,1.6666666666666667,0,1,0,1,0,0,1,0,0,1,0,0,0,0,0,0,1,0,0,0
35,0,27,1,3,2,1,1,2559,1,0,11,3,4,0,6,3,2,6,5,1,1,5118.0,0.16666666666666666,2.0,0,1,1,0,0,0,1,0,0,0,0,0,0,0,0,1,0,0,0,1
36,0,1,2,2,3,2,4,6201,1,1,14,3,4,1,18,1,2,18,14,4,11,4134.0,0.2222222222222222,2.6666666666666665,0,1,0,1,1,0,0,0,0,1,0,0,0,0,0,0,1,0,1,0
32,0,13,4,2,3,2,4,4403,2,0,11,3,3,1,8,3,2,5,2,0,3,6604.5,0.0,2.6666666666666665,0,1,0,1,1,0,0,0,0,1,0,0,0,0,0,0,1,0,0,0
30,0,5,4,2,2,1,4,3761,9,0,12,3,2,1,10,3,2,5,4,0,3,4513.2,0.0,2.6666666666666665,1,0,1,0,1,0,0,0,0,1,0,0,0,0,0,1,0,0,0,0
53,0,7,2,1,2,3,4,10934,7,1,18,3,4,1,35,3,3,5,2,0,4,3748.8,0.0,2.6666666666666665,0,1,0,1,0,1,0,0,0,0,0,0,0,0,0,0,1,0,1,0
45,0,9,3,4,3,3,1,10761,4,1,12,3,3,1,18,2,3,5,4,0,2,7174.0,0.0,2.6666666666666665,0,1,0,1,0,1,0,0,0,1,0,0,0,0,0,0,1,0,0,0
32,0,8,2,3,4,2,3,5175,5,0,12,3,3,1,9,3,2,5,3,1,3,6900.0,0.1111111111111111,2.6666666666666665,0,1,1,0,0,0,1,0,0,0,0,0,0,0,0,1,0,0,1,0
52,0,25,4,3,2,4,4,13826,3,0,22,4,3,0,31,3,3,9,8,0,0,5352.0,0.0,3.3333333333333335,1,0,1,0,0,0,1,0,0,0,0,0,0,1,0,0,0,0,1,0
37,0,16,4,4,2,2,3,6334,4,0,19,3,4,2,9,2,3,1,0,0,0,8445.333333333334,0.0,3.3333333333333335,0,1,0,1,0,1,0,0,0,1,0,0,0,0,0,0,1,0,0,0
28,0,8,2,2,2,1,4,4936,1,0,13,3,4,1,6,6,3,5,1,0,4,9872.0,0.0,3.0,0,1,0,0,0,0,1,0,0,1,1,0,0,0,0,0,0,0,0,0
22,0,1,2,4,2,2,4,4775,6,0,22,4,1,2,4,2,1,2,2,2,2,14325.0,0.5,3.0,0,1,1,0,1,0,0,0,0,1,0,0,0,1,0,0,0,0,1,0
44,0,8,4,1,4,1,4,2818,2,1,24,4,3,1,10,2,2,3,2,0,2,3381.6,0.0,2.3333333333333335,0,1,1,0,1,0,0,0,0,1,0,1,0,0,0,0,0,0,1,0
42,0,2,1,2,3,1,4,2515,5,1,14,3,4,0,8,2,3,2,1,2,2,3772.5,0.25,3.0,1,0,1,0,0,0,1,0,0,1,0,0,0,0,0,1,0,0,0,1
36,0,8,3,1,2,1,1,2342,0,0,21,4,3,0,6,3,3,5,4,0,3,4684.0,0.0,1.6666666666666667,0,1,0,0,1,0,0,0,0,1,1,0,0,0,0,0,0,0,1,0
25,0,3,1,3,3,2,1,4194,1,1,18,3,4,0,5,3,3,5,3,0,3,10065.6,0.0,2.3333333333333335,0,1,0,1,0,0,0,1,0,1,0,0,0,0,0,0,1,0,1,0
35,0,9,3,4,2,3,3,10685,1,1,20,4,2,1,17,2,3,17,14,5,15,7542.35294117647,0.29411764705882354,3.3333333333333335,0,1,1,0,1,0,0,0,0,0,0,0,0,1,0,0,0,0,1,0
35,1,25,4,4,3,1,2,2022,1,1,19,3,1,1,10,3,2,10,2,7,8,2426.4,0.7,2.6666666666666665,1,0,1,0,1,0,0,0,0,0,0,0,0,0,0,1,0,0,0,0
32,0,1,3,4,3,1,4,2314,0,0,12,3,2,1,4,2,3,3,0,0,2,6942.0,0.0,3.6666666666666665,0,0,1,0,1,0,0,0,0,1,0,1,0,0,0,0,0,0,0,0
25,0,4,1,3,2,2,1,4256,1,0,12,3,1,0,5,1,4,5,2,0,3,10214.4,0.0,2.6666666666666665,0,1,0,1,0,1,0,0,0,1,0,0,0,0,0,0,1,0,1,0
49,0,1,3,3,3,1,1,3580,2,0,16,3,2,1,7,2,3,4,2,0,2,6137.142857142857,0.0,2.3333333333333335,0,1,1,0,0,0,0,0,1,0,0,0,0,0,0,1,0,0,1,0
24,0,4,1,1,2,1,4,3162,0,0,17,3,4,0,6,2,2,5,2,3,4,6324.0,0.5,2.3333333333333335,0,0,1,0,1,0,0,0,0,1,0,1,0,0,0,0,0,0,1,0
32,0,5,2,2,3,2,2,6524,1,0,14,3,4,1,10,3,3,10,8,5,3,7828.8,0.5,2.3333333333333335,1,0,0,1,1,0,0,0,0,1,0,0,0,0,0,0,1,0,1,0
38,0,9,3,2,2,1,2,2899,0,0,19,3,4,1,3,3,3,2,2,1,2,11596.0,0.3333333333333333,2.3333333333333335,0,1,0,1,0,1,0,0,0,1,0,0,0,0,0,0,0,1,1,0
42,0,3,3,3,4,2,4,5231,2,1,13,3,2,1,17,1,2,5,3,1,3,3692.470588235294,0.058823529411764705,3.0,0,1,1,0,1,0,0,0,0,0,0,1,0,0,0,0,0,0,1,0
31,0,11,4,4,3,1,4,2356,3,1,19,3,2,1,8,2,3,6,4,0,2,3534.0,0.0,3.6666666666666665,0,1,1,0,1,0,0,0,0,1,0,0,0,0,0,1,0,0,1,0
29,1,1,3,2,2,1,3,2800,6,1,19,3,3,3,5,3,3,3,2,0,2,6720.0,0.0,2.6666666666666665,0,1,0,1,0,0,1,0,0,0,0,0,0,0,0,0,0,1,0,0
53,0,8,3,1,3,4,4,11836,5,0,14,3,3,1,28,3,3,2,0,2,2,5072.571428571428,0.07142857142857142,2.6666666666666665,0,1,0,1,0,1,0,0,0,1,0,0,0,0,0,0,1,0,1,0
35,0,25,3,4,2,3,2,10903,3,0,16,3,1,0,16,2,3,13,10,4,8,8177.25,0.25,3.0,0,1,1,0,0,0,0,0,1,1,0,0,0,1,0,0,0,0,1,0
37,0,21,2,3,3,1,4,2973,5,0,15,3,2,1,10,3,3,5,4,0,0,3567.6,0.0,3.3333333333333335,1,0,0,1,0,0,1,0,0,0,0,0,0,0,0,0,0,1,1,0
53,0,23,4,4,3,4,4,14275,6,0,18,3,3,0,33,0,3,12,9,3,8,5190.909090909091,0.09090909090909091,3.6666666666666665,0,1,1,0,1,0,0,0,0,0,0,0,0,0,1,0,0,0,0,1
43,0,1,3,4,3,2,4,5562,4,0,13,3,2,1,12,2,2,5,2,2,2,5562.0,0.16666666666666666,3.3333333333333335,1,0,1,0,1,0,0,0,0,0,0,0,0,0,0,0,0,0,1,0
47,0,2,2,3,3,2,4,4537,0,1,22,4,1,1,8,2,3,7,6,7,7,6805.5,0.875,3.3333333333333335,0,1,0,1,0,1,0,0,0,0,0,0,0,0,0,0,1,0,1,0
37,0,19,2,1,3,3,2,7642,1,1,13,3,4,0,10,2,3,10,0,0,9,9170.4,0.0,2.0,0,0,0,1,0,0,1,0,0,1,0,0,0,0,0,0,1,0,0,1
50,0,2,4,1,3,4,1,17924,1,0,11,3,4,1,31,3,3,31,6,14,7,6938.322580645161,0.45161290322580644,1.6666666666666667,0,0,1,0,1,0,0,0,0,1,0,0,1,0,0,0,0,0,0,0
39,0,2,3,4,2,2,4,5204,8,0,11,3,3,2,13,2,3,5,4,0,4,4803.692307692308,0.0,3.6666666666666665,0,1,0,0,1,0,0,0,0,0,1,0,0,0,0,0,0,0,1,0
33,0,3,2,4,3,1,2,2277,3,1,11,3,3,1,7,4,4,4,3,0,3,3903.4285714285716,0.0,3.3333333333333335,0,1,0,0,0,0,0,0,0,1,1,0,0,0,0,0,0,0,0,0
32,1,25,4,1,3,1,4,2795,1,1,24,4,3,0,1,2,1,1,0,0,1,33540.0,0.0,2.0,0,1,1,0,1,0,0,0,0,1,0,1,0,0,0,0,0,0,0,1
29,0,7,1,1,2,1,4,2532,6,0,14,3,3,3,8,5,3,4,3,0,3,3798.0,0.0,2.6666666666666665,0,1,1,0,0,0,1,0,0,0,0,1,0,0,0,0,0,0,0,0
44,0,9,2,2,3,1,1,2559,1,1,13,3,4,0,8,0,3,8,7,7,1,3838.5,0.875,2.0,0,1,1,0,1,0,0,0,0,1,0,0,0,0,0,1,0,0,1,0
28,0,5,4,1,3,2,4,4908,1,0,14,3,2,0,4,3,3,4,2,0,2,14724.0,0.0,2.6666666666666665,0,1,0,1,0,0,1,0,0,1,0,0,0,0,0,0,1,0,0,1
58,1,2,1,4,2,1,4,2380,9,1,14,3,4,1,3,3,2,1,0,0,0,9520.0,0.0,3.3333333333333335,1,0,1,0,1,0,0,0,0,1,0,1,0,0,0,0,0,0,0,0
43,0,8,3,1,3,2,2,4765,4,0,21,4,3,1,4,2,4,1,0,0,0,14295.0,0.0,2.3333333333333335,0,1,1,0,1,0,0,0,0,0,0,0,0,1,0,0,0,0,0,0
20,1,2,3,3,2,1,3,2044,1,0,13,3,4,0,2,3,2,2,2,0,2,12264.0,0.0,2.6666666666666665,0,1,0,1,0,0,1,0,0,0,0,0,0,0,0,0,0,1,0,1
21,1,18,1,4,3,1,4,2693,1,0,19,3,1,0,1,3,2,1,0,0,0,32316.0,0.0,3.3333333333333335,0,1,1,0,0,0,0,1,0,0,0,0,0,0,0,1,0,0,0,1
36,0,14,1,3,3,2,4,6586,0,1,17,3,1,1,17,2,2,16,8,4,11,4648.941176470588,0.23529411764705882,3.0,0,1,1,0,1,0,0,0,0,1,0,0,0,0,0,0,0,0,1,0
47,0,2,4,4,2,1,4,3294,1,1,18,3,1,0,3,3,2,3,2,1,2,13176.0,0.3333333333333333,3.3333333333333335,0,1,0,1,1,0,0,0,0,0,0,0,0,0,0,0,0,1,0,1
22,1,3,1,2,3,2,3,4171,0,1,19,3,1,1,4,3,4,3,2,0,2,12513.0,0.0,3.0,0,1,1,0,1,0,0,0,0,0,0,0,0,1,0,0,0,0,1,0
41,1,2,4,2,1,1,4,2778,4,1,13,3,3,1,10,1,2,7,7,1,0,3333.6,0.1,2.6666666666666665,0,1,1,0,1,0,0,0,0,0,0,1,0,0,0,0,0,0,0,0
28,0,9,3,3,3,1,3,2377,5,0,18,3,2,1,6,2,3,2,2,2,2,4754.0,0.3333333333333333,3.0,0,1,1,0,0,0,1,0,0,0,0,0,0,0,0,1,0,0,0,0
39,1,6,3,4,3,1,1,2404,7,1,21,4,4,0,8,2,1,2,2,2,2,3606.0,0.25,2.0,0,1,1,0,0,0,1,0,0,1,0,1,0,0,0,0,0,0,1,0
27,0,4,3,2,3,1,3,2318,1,0,19,3,3,0,1,2,3,1,1,0,0,27816.0,0.0,2.6666666666666665,0,1,1,0,1,0,0,0,0,0,0,0,0,0,0,1,0,0,0,1
34,0,10,3,2,3,1,2,2008,1,0,14,3,2,2,1,3,3,1,0,1,0,24096.0,1.0,2.3333333333333335,0,1,1,0,1,0,0,0,0,1,0,1,0,0,0,0,0,0,0,0
42,0,14,2,3,2,2,3,6244,7,0,17,3,1,0,10,6,3,5,4,0,3,7492.8,0.0,3.0,0,1,0,1,0,0,1,0,0,0,0,0,0,0,0,0,1,0,0,1
33,0,1,4,3,2,1,1,2799,3,1,11,3,2,0,6,1,3,3,2,0,2,5598.0,0.0,2.3333333333333335,0,1,1,0,0,0,0,1,0,1,0,0,0,0,0,1,0,0,0,1
58,0,5,3,3,2,3,2,10552,2,1,13,3,4,1,24,3,3,6,0,0,4,5276.0,0.0,2.6666666666666665,0,1,1,0,0,0,0,0,1,0,0,0,0,0,0,0,0,0,0,0
31,0,7,4,2,2,1,3,2329,3,0,15,3,2,0,13,2,4,7,7,5,2,2149.846153846154,0.38461538461538464,3.0,0,1,0,1,1,0,0,0,0,1,0,0,0,0,0,0,0,1,1,0
35,0,21,1,4,3,2,4,4014,1,1,25,4,4,1,10,2,1,10,6,0,7,4816.8,0.0,3.0,0,1,1,0,1,0,0,0,0,0,0,0,0,0,0,0,0,0,1,0
49,0,8,2,1,3,3,2,7403,4,0,11,3,3,1,29,3,2,26,9,1,7,3063.310344827586,0.034482758620689655,1.6666666666666667,0,1,1,0,0,0,0,1,0,0,0,1,0,0,0,0,0,0,1,0
48,0,20,4,4,3,1,3,2259,4,0,17,3,1,2,13,2,2,0,0,0,0,2085.230769230769,0.0,3.0,0,1,1,0,0,0,1,0,0,1,0,0,0,0,0,1,0,0,1,0
31,0,20,2,4,3,2,3,6932,1,0,13,3,4,1,9,2,2,9,8,0,0,9242.666666666666,0.0,3.0,0,0,0,1,0,1,0,0,0,0,0,0,0,0,0,0,1,0,1,0
36,0,7,4,2,3,1,4,4678,2,0,18,3,3,0,8,6,3,6,2,0,1,7017.0,0.0,3.0,0,1,1,0,0,0,0,1,0,1,0,0,0,0,0,1,0,0,0,1
38,0,1,3,4,3,3,1,13582,1,0,13,3,2,1,15,3,3,15,12,5,11,10865.6,0.3333333333333333,2.6666666666666665,0,1,1,0,0,0,0,0,1,0,0,0,0,0,1,0,0,0,1,0
32,0,1,3,3,2,1,2,2332,6,0,20,4,3,0,5,3,3,3,0,0,2,5596.8,0.0,2.6666666666666665,0,0,1,0,1,0,0,0,0,0,0,1,0,0,0,0,0,0,1,0
25,1,19,2,3,2,1,2,2413,1,1,18,3,3,3,1,2,3,1,0,0,0,28956.0,0.0,2.6666666666666665,0,1,0,1,0,1,0,0,0,1,0,0,0,0,0,0,0,1,1,0
40,0,10,4,1,2,3,2,9705,2,0,12,3,2,1,11,2,2,1,0,0,0,10587.272727272728,0.0,1.6666666666666667,0,1,0,1,0,1,0,0,0,1,0,0,0,0,0,0,1,0,0,0
26,0,1,3,3,2,2,1,4294,1,0,12,3,2,0,7,2,3,7,7,0,7,7361.142857142857,0.0,2.3333333333333335,1,0,0,1,0,0,1,0,0,1,0,0,0,0,0,0,1,0,0,1
41,0,6,3,4,3,1,1,4721,2,1,13,3,3,0,20,3,3,18,13,2,17,2832.6,0.1,2.6666666666666665,0,1,1,0,0,0,1,0,0,1,0,1,0,0,0,0,0,0,0,1
36,0,2,4,3,3,1,3,2519,4,0,21,4,3,0,16,6,3,11,8,3,9,1889.25,0.1875,3.0,0,1,1,0,0,0,1,0,0,1,0,1,0,0,0,0,0,0,0,1
19,1,21,3,4,2,1,2,2121,1,1,13,3,2,0,1,3,4,1,0,0,0,25452.0,0.0,3.3333333333333335,0,1,0,1,0,0,0,1,0,1,0,0,0,0,0,0,0,1,0,1
20,1,4,3,1,3,1,1,2973,1,0,19,3,2,0,1,2,3,1,0,0,0,35676.0,0.0,1.6666666666666667,0,1,1,0,0,0,0,0,1,1,0,1,0,0,0,0,0,0,0,1
31,0,12,3,4,3,2,4,5855,0,1,11,3,3,2,10,2,1,9,7,8,5,7026.0,0.8,3.0,0,1,1,0,0,0,1,0,0,0,0,0,0,0,0,0,0,0,1,0
40,0,9,4,4,3,1,2,3617,8,1,14,3,4,1,3,2,3,1,1,0,0,14468.0,0.0,3.0,1,0,1,0,0,0,1,0,0,1,0,0,0,0,0,1,0,0,0,0
32,0,3,4,3,3,2,1,6725,1,0,12,3,3,1,8,2,4,8,7,6,3,10087.5,0.75,2.6666666666666665,0,1,1,0,0,0,1,0,0,0,0,0,0,1,0,0,0,0,1,0
36,1,3,1,3,2,3,4,10325,1,1,11,3,1,1,16,6,3,16,7,3,7,7743.75,0.1875,3.3333333333333335,0,1,0,1,1,0,0,0,0,1,0,0,0,0,0,0,1,0,1,0
33,0,1,3,2,2,2,4,6949,0,0,14,3,1,0,6,3,3,5,0,1,4,13898.0,0.16666666666666666,3.0,0,1,1,0,1,0,0,0,0,0,0,0,0,0,0,0,0,0,0,1
37,1,1,4,1,2,3,3,10609,5,0,11,3,3,0,17,2,1,14,1,11,7,7488.705882352941,0.6470588235294118,1.6666666666666667,0,1,0,1,1,0,0,0,0,1,0,0,0,0,0,0,1,0,1,0
45,0,4,2,3,3,2,2,4447,1,0,12,3,2,0,9,5,2,9,7,0,8,5929.333333333333,0.0,2.3333333333333335,0,0,1,0,1,0,0,0,0,1,0,1,0,0,0,0,0,0,1,0
29,0,20,3,3,3,1,4,2157,1,0,15,3,2,1,3,5,3,3,1,0,2,8628.0,0.0,3.3333333333333335,1,0,0,1,0,0,0,0,1,0,0,0,0,0,0,0,0,1,1,0
35,0,18,3,3,3,2,3,4601,1,0,16,3,2,0,5,3,3,5,2,1,0,11042.4,0.2,3.0,0,1,0,1,0,0,1,0,0,0,0,0,0,0,0,0,1,0,1,0
52,0,1,2,4,3,4,4,17099,2,0,15,3,2,1,26,2,2,9,8,7,8,7891.846153846154,0.2692307692307692,3.3333333333333335,0,1,1,0,1,0,0,0,0,1,0,0,1,0,0,0,0,0,1,0
58,1,2,3,4,3,1,3,2479,4,0,24,4,1,0,7,4,3,1,0,0,0,4249.714285714285,0.0,3.3333333333333335,0,1,1,0,0,0,0,0,1,1,0,0,0,0,0,1,0,0,0,1
53,0,2,2,3,3,4,3,14852,6,0,13,3,3,1,22,3,4,17,13,15,2,8101.090909090909,0.6818181818181818,3.3333333333333335,0,1,0,1,0,0,1,0,0,1,0,0,1,0,0,0,0,0,0,0
30,0,8,2,3,3,3,3,7264,5,0,11,3,1,1,10,2,4,8,4,7,7,8716.8,0.7,3.3333333333333335,0,1,0,1,0,0,0,1,0,1,0,0,0,0,0,0,1,0,0,0
38,0,10,3,3,3,2,4,5666,1,1,13,3,2,0,6,1,3,5,3,1,3,11332.0,0.16666666666666666,3.3333333333333335,0,0,0,1,0,0,0,0,1,0,0,0,0,0,0,0,1,0,0,1
35,0,3,4,4,3,3,4,7823,6,0,13,3,2,1,12,2,3,10,9,0,8,7823.0,0.0,3.6666666666666665,0,1,0,1,1,0,0,0,0,1,0,0,0,0,0,0,1,0,0,0
39,0,2,5,1,4,3,3,7880,0,0,18,3,4,0,9,3,3,8,7,0,7,10506.666666666666,0.0,2.3333333333333335,0,1,0,1,1,0,0,0,0,1,0,0,0,0,0,0,1,0,0,1
40,1,24,3,2,4,4,2,13194,4,1,16,3,4,0,22,2,2,1,0,0,0,7196.727272727273,0.0,2.0,0,0,0,1,1,0,0,0,0,0,0,0,0,0,0,0,1,0,0,1
47,0,16,4,3,4,2,3,5067,1,1,19,3,3,0,20,3,4,19,10,2,7,3040.2,0.1,3.3333333333333335,1,0,1,0,0,0,1,0,0,1,0,0,0,1,0,0,0,0,0,0
36,0,8,4,1,3,2,4,5079,4,0,13,3,4,2,12,3,3,7,7,0,7,5079.0,0.0,2.6666666666666665,0,0,0,1,0,0,0,0,1,1,0,0,0,0,0,0,1,0,0,0
31,1,9,2,3,2,1,1,2321,0,1,22,4,1,0,4,0,3,3,2,1,2,6963.0,0.25,2.3333333333333335,0,0,1,0,0,0,1,0,0,1,0,0,0,0,0,1,0,0,0,1
33,0,17,3,4,3,4,3,17444,1,0,11,3,4,0,10,2,3,10,8,6,0,20932.8,0.6,3.3333333333333335,0,0,0,1,1,0,0,0,0,1,0,0,1,0,0,0,0,0,0,1
29,1,10,3,4,2,1,1,2404,6,1,20,4,3,0,3,5,3,0,0,0,0,9616.0,0.0,2.6666666666666665,0,1,1,0,1,0,0,0,0,0,0,0,0,0,0,1,0,0,0,1
33,0,13,1,2,3,1,4,3452,3,0,18,3,1,0,5,4,3,3,2,0,2,8284.8,0.0,3.0,0,1,1,0,1,0,0,0,0,0,0,0,0,0,0,1,0,0,0,1
45,0,1,4,4,3,1,4,2270,3,0,14,3,4,2,8,2,3,5,3,0,2,3405.0,0.0,3.6666666666666665,0,1,1,0,0,0,1,0,0,0,0,1,0,0,0,0,0,0,0,0
50,0,1,2,4,3,4,4,17399,9,0,22,4,3,1,32,1,2,5,4,1,3,6524.625,0.03125,3.3333333333333335,0,1,1,0,0,0,1,0,0,1,0,0,0,0,1,0,0,0,0,0
33,0,1,4,3,4,2,2,5488,1,1,13,3,1,1,6,2,3,6,5,1,2,10976.0,0.16666666666666666,2.6666666666666665,1,0,1,0,0,0,0,1,0,0,0,0,0,0,0,0,0,0,1,0
41,0,9,3,1,3,5,3,19419,2,0,17,3,2,1,21,2,4,18,16,0,11,11096.57142857143,0.0,2.6666666666666665,1,0,1,0,0,0,1,0,0,1,0,0,0,0,1,0,0,0,0,0
27,0,16,4,3,3,1,2,2811,9,0,14,3,2,1,4,2,3,2,2,2,2,8433.0,0.5,2.6666666666666665,0,1,1,0,0,0,0,0,1,0,0,1,0,0,0,0,0,0,1,0
45,0,23,2,4,3,2,1,3633,1,1,15,3,3,1,9,2,3,9,8,0,8,4844.0,0.0,2.6666666666666665,0,0,1,0,1,0,0,0,0,1,0,1,0,0,0,0,0,0,1,0
47,0,4,2,4,3,2,4,4163,1,1,17,3,3,0,9,0,3,9,0,0,7,5550.666666666667,0.0,3.6666666666666665,0,1,0,1,1,0,0,0,0,0,0,0,0,0,0,0,1,0,0,1
30,1,22,3,1,3,1,3,2132,4,1,11,3,2,0,7,2,3,5,2,0,1,3654.8571428571427,0.0,2.3333333333333335,0,1,1,0,1,0,0,0,0,0,0,0,0,0,0,1,0,0,1,0
50,0,24,3,4,3,4,3,13973,3,1,18,3,4,1,22,2,3,12,11,1,5,7621.636363636364,0.045454545454545456,3.3333333333333335,0,1,1,0,1,0,0,0,0,1,0,0,0,1,0,0,0,0,1,0
38,0,10,1,3,3,1,3,2684,0,0,17,3,2,1,3,0,2,2,1,0,2,10736.0,0.0,2.6666666666666665,1,0,1,0,0,0,1,0,0,1,0,0,0,0,0,1,0,0,1,0
46,0,7,2,4,3,3,3,10845,6,0,13,3,2,1,13,3,3,8,7,0,7,10010.76923076923,0.0,3.3333333333333335,0,1,1,0,0,0,1,0,0,1,0,0,0,1,0,0,0,0,0,0
24,0,17,1,4,2,2,3,4377,1,0,15,3,2,2,5,6,3,4,2,3,2,10504.8,0.6,3.3333333333333335,0,1,1,0,0,0,1,0,0,0,0,0,0,1,0,0,0,0,0,0
35,1,14,4,3,2,1,2,3743,1,1,24,4,4,1,5,2,1,4,2,0,2,8983.2,0.0,2.0,0,1,1,0,0,0,0,1,0,1,0,1,0,0,0,0,0,0,0,0
31,0,1,1,3,3,2,1,4148,1,0,12,3,3,1,4,1,3,4,3,0,3,12444.0,0.0,2.3333333333333335,1,0,1,0,1,0,0,0,0,0,0,0,0,1,0,0,0,0,1,0
18,0,5,2,2,3,1,4,1051,1,0,15,3,4,0,0,2,3,0,0,0,0,12612.0,0.0,3.0,0,0,1,0,1,0,0,0,0,1,0,0,0,0,0,1,0,0,0,1
54,0,17,3,3,3,3,3,10739,8,0,11,3,3,1,22,2,3,10,7,0,8,5857.636363636364,0.0,3.0,0,1,1,0,0,0,0,0,1,0,0,0,0,1,0,0,0,0,1,0
35,0,25,4,3,3,3,3,10388,1,1,11,3,3,1,16,3,2,16,10,10,1,7791.0,0.625,2.6666666666666665,0,1,1,0,0,0,1,0,0,0,0,0,0,0,0,0,0,0,0,0
30,0,8,2,2,4,3,1,11416,0,1,12,3,3,3,9,4,2,8,7,1,7,15221.333333333334,0.1111111111111111,1.6666666666666667,0,1,1,0,1,0,0,0,0,0,0,0,0,0,1,0,0,0,1,0
20,1,11,3,4,2,1,1,2600,1,1,15,3,1,0,1,2,3,1,0,0,0,31200.0,0.0,2.6666666666666665,0,1,1,0,0,0,1,0,0,0,0,0,0,0,0,1,0,0,0,1
30,1,5,3,2,3,1,2,2422,0,0,17,3,1,0,4,3,3,3,2,1,2,7266.0,0.25,2.3333333333333335,1,0,1,0,0,0,1,0,0,0,0,1,0,0,0,0,0,0,0,1
26,0,2,2,4,4,2,4,5472,1,0,12,3,2,0,8,2,3,8,7,1,3,8208.0,0.125,3.6666666666666665,0,1,1,0,0,0,1,0,0,1,0,0,0,1,0,0,0,0,1,0
22,0,8,1,2,1,1,1,2451,1,0,15,3,1,1,4,3,2,4,3,1,1,7353.0,0.25,1.6666666666666667,0,1,1,0,1,0,0,0,0,1,0,1,0,0,0,0,0,0,1,0
48,0,6,3,1,2,2,3,4240,2,0,13,3,4,0,19,0,3,2,2,2,2,2677.8947368421054,0.10526315789473684,2.3333333333333335,0,1,1,0,1,0,0,0,0,1,0,0,0,0,0,0,0,0,0,1
48,0,4,4,3,2,3,3,10999,7,0,14,3,2,0,27,3,3,15,11,4,8,4888.444444444444,0.14814814814814814,3.0,0,1,1,0,1,0,0,0,0,1,0,0,0,0,0,0,0,0,0,1
41,0,7,2,4,3,2,3,5003,6,0,14,3,2,0,8,6,3,2,2,2,1,7504.5,0.25,3.3333333333333335,0,1,1,0,0,0,1,0,0,0,0,0,0,1,0,0,0,0,0,1
39,0,1,1,4,2,4,4,12742,1,0,16,3,3,1,21,3,3,21,6,11,8,7281.142857142857,0.5238095238095238,3.6666666666666665,0,1,1,0,1,0,0,0,0,0,0,0,0,1,0,0,0,0,1,0
27,0,2,4,1,3,2,4,4227,0,0,18,3,2,1,4,2,3,3,2,2,2,12681.0,0.5,2.6666666666666665,0,1,1,0,1,0,0,0,0,0,0,0,0,1,0,0,0,0,1,0
35,0,10,3,2,3,1,4,3917,1,0,20,4,1,1,3,4,2,3,2,1,2,15668.0,0.3333333333333333,2.6666666666666665,0,1,1,0,0,0,0,1,0,1,0,1,0,0,0,0,0,0,0,0
42,0,5,2,4,3,5,3,18303,6,0,13,3,2,0,21,3,4,1,0,0,0,10458.857142857143,0.0,3.6666666666666665,0,1,0,1,0,1,0,0,0,1,0,0,1,0,0,0,0,0,1,0
50,0,9,3,1,3,1,4,2380,4,0,18,3,2,0,8,5,3,1,0,0,0,3570.0,0.0,2.6666666666666665,0,1,1,0,1,0,0,0,0,1,0,1,0,0,0,0,0,0,1,0
59,0,2,3,3,2,4,4,13726,3,1,13,3,1,0,30,4,3,5,3,4,3,5490.4,0.13333333333333333,3.3333333333333335,0,1,1,0,1,0,0,0,0,0,0,0,0,1,0,0,0,0,0,1
37,1,11,2,1,1,2,2,4777,5,0,15,3,1,0,15,2,1,1,0,0,0,3821.6,0.0,1.3333333333333333,0,1,1,0,0,0,1,0,0,0,0,0,0,0,0,0,0,0,1,0
55,0,18,4,3,3,2,2,6385,3,1,14,3,4,2,17,3,3,8,7,6,7,4507.058823529412,0.35294117647058826,2.6666666666666665,1,0,1,0,0,0,1,0,0,1,0,0,0,0,0,0,0,0,1,0
41,0,7,1,2,1,5,3,19973,1,0,22,4,2,2,21,3,3,21,16,5,10,11413.142857142857,0.23809523809523808,2.6666666666666665,0,0,1,0,1,0,0,0,0,0,0,0,0,0,1,0,0,0,0,0
38,0,3,4,2,3,2,4,6861,8,1,12,3,3,0,19,1,3,1,0,0,0,4333.263157894737,0.0,3.0,0,1,0,1,1,0,0,0,0,1,0,0,0,0,0,0,1,0,0,1
26,1,29,2,2,1,2,1,4969,8,0,18,3,4,0,7,6,3,2,2,2,2,8518.285714285714,0.2857142857142857,2.0,0,0,0,1,0,0,1,0,0,1,0,0,0,0,0,0,1,0,0,1
52,1,2,1,1,1,5,4,19845,1,0,15,3,4,1,33,3,3,32,14,6,9,7216.363636363636,0.18181818181818182,2.6666666666666665,0,1,0,1,0,1,0,0,0,0,0,0,1,0,0,0,0,0,1,0
44,0,28,3,4,4,4,4,13320,3,1,18,3,3,1,23,2,3,12,11,11,11,6949.565217391304,0.4782608695652174,3.6666666666666665,0,1,0,1,0,0,1,0,0,0,0,0,0,0,0,0,1,0,1,0
50,0,1,3,4,3,2,3,6347,0,0,12,3,1,1,19,3,3,18,7,0,13,4008.6315789473683,0.0,3.3333333333333335,0,0,0,1,1,0,0,0,0,0,0,0,0,0,0,0,1,0,1,0
36,1,16,4,3,4,1,1,2743,1,0,16,3,3,0,18,1,3,17,13,15,14,1828.6666666666667,0.8333333333333334,2.3333333333333335,0,1,1,0,1,0,0,0,0,0,0,1,0,0,0,0,0,0,0,1
39,0,22,3,4,3,3,1,10880,1,1,13,3,3,0,21,2,3,21,6,2,8,6217.142857142857,0.09523809523809523,2.6666666666666665,1,0,1,0,0,0,1,0,0,0,0,0,0,1,0,0,0,0,0,1
33,0,8,1,2,2,1,4,2342,0,0,19,3,4,0,3,2,2,2,2,2,2,9368.0,0.6666666666666666,2.6666666666666665,0,0,0,1,1,0,0,0,0,0,0,0,0,0,0,0,0,1,0,1
45,0,11,2,4,3,4,4,17650,3,0,13,3,2,1,26,4,4,9,3,1,1,8146.153846153846,0.038461538461538464,4.0,0,1,0,1,1,0,0,0,0,0,0,0,1,0,0,0,0,0,1,0
32,0,29,4,4,3,1,3,4025,9,0,12,3,2,0,10,2,3,8,7,7,7,4830.0,0.7,3.3333333333333335,0,0,1,0,0,0,1,0,0,0,0,1,0,0,0,0,0,0,0,1
34,0,1,4,2,4,2,4,9725,0,0,11,3,4,1,16,2,2,15,1,0,9,7293.75,0.0,2.6666666666666665,0,1,0,1,0,1,0,0,0,1,0,0,0,0,0,0,1,0,0,0
59,0,1,2,2,3,3,4,11904,3,1,14,3,3,1,14,1,1,6,4,0,4,10203.42857142857,0.0,2.3333333333333335,0,1,0,1,0,0,0,0,1,1,0,0,1,0,0,0,0,0,1,0
45,0,24,4,2,3,1,2,2177,1,0,16,3,1,0,6,3,3,6,3,0,4,4354.0,0.0,2.3333333333333335,0,1,0,0,0,0,1,0,0,1,1,0,0,0,0,0,0,0,0,1
53,0,2,3,3,2,3,2,7525,2,0,12,3,1,1,30,2,3,15,7,6,12,3010.0,0.2,2.6666666666666665,1,0,0,1,0,1,0,0,0,0,0,0,0,0,0,0,1,0,1,0
36,1,15,3,1,3,2,3,4834,7,0,14,3,2,1,9,3,2,1,0,0,0,6445.333333333333,0.0,2.0,0,1,1,0,0,0,0,1,0,1,0,1,0,0,0,0,0,0,0,0
26,1,2,3,1,3,1,1,2042,6,1,14,3,2,1,6,2,3,3,2,1,2,4084.0,0.16666666666666666,1.6666666666666667,1,0,1,0,1,0,0,0,0,1,0,0,0,0,0,1,0,0,1,0
34,0,10,4,3,3,1,3,2220,1,1,19,3,4,1,1,2,3,1,1,0,0,26640.0,0.0,3.0,0,1,0,1,1,0,0,0,0,0,0,0,0,0,0,0,0,1,1,0
28,0,10,1,4,3,1,2,1052,1,0,22,4,2,0,1,5,3,1,0,0,0,12624.0,0.0,3.0,0,1,0,1,0,0,1,0,0,1,0,0,0,0,0,0,0,1,1,0
38,0,3,4,3,3,1,3,2821,3,0,16,3,1,1,8,2,3,2,2,2,2,4231.5,0.25,3.0,1,0,1,0,0,0,0,1,0,1,0,0,0,0,0,1,0,0,1,0
50,0,2,4,2,3,5,3,19237,2,1,11,3,4,1,29,2,2,8,1,7,7,7960.137931034483,0.2413793103448276,2.3333333333333335,0,1,1,0,0,0,1,0,0,1,0,0,0,0,1,0,0,0,1,0
37,0,3,3,4,3,2,2,4107,3,0,15,3,1,0,8,3,2,4,3,0,1,6160.5,0.0,2.6666666666666665,0,1,1,0,0,0,0,1,0,0,0,0,0,0,0,0,0,0,0,1
40,0,26,3,3,3,2,1,8396,1,0,14,3,2,1,8,3,2,7,7,7,5,12594.0,0.875,2.0,0,1,0,1,0,1,0,0,0,1,0,0,0,0,0,0,1,0,1,0
26,0,1,1,1,2,1,3,2007,1,0,13,3,3,2,5,5,3,5,3,1,3,4816.8,0.2,2.3333333333333335,1,0,1,0,0,0,1,0,0,0,0,0,0,0,0,1,0,0,0,0
46,0,1,4,4,3,5,4,19627,9,0,17,3,4,2,23,0,3,2,2,2,2,10240.173913043478,0.08695652173913043,3.6666666666666665,0,1,1,0,0,0,1,0,0,1,0,0,0,0,1,0,0,0,0,0
54,0,2,4,3,2,3,3,10686,6,0,11,3,2,1,13,4,3,9,4,7,0,9864.0,0.5384615384615384,3.0,0,1,0,1,1,0,0,0,0,0,0,0,0,0,0,0,1,0,1,0
56,0,9,3,1,3,1,3,2942,2,0,19,3,2,1,18,4,3,5,4,0,3,1961.3333333333333,0.0,2.3333333333333335,1,0,1,0,0,0,1,0,0,0,0,0,0,0,0,1,0,0,1,0
36,0,12,5,4,2,3,4,8858,0,0,11,3,2,0,15,2,2,14,8,7,8,7086.4,0.4666666666666667,3.3333333333333335,0,1,1,0,0,0,1,0,0,0,0,0,0,1,0,0,0,0,0,1
55,0,2,1,3,2,4,1,16756,7,0,15,3,2,0,31,3,4,9,7,6,2,6486.193548387097,0.1935483870967742,2.6666666666666665,0,0,1,0,0,0,1,0,0,1,0,0,1,0,0,0,0,0,0,1
43,0,25,3,3,2,3,4,10798,5,0,13,3,3,1,18,5,3,1,0,0,0,7198.666666666667,0.0,3.3333333333333335,0,1,0,1,0,0,1,0,0,1,0,0,0,0,0,0,1,0,0,0
20,1,9,3,4,3,1,4,2323,1,1,14,3,2,0,2,3,3,2,2,0,2,13938.0,0.0,3.6666666666666665,1,0,0,1,0,1,0,0,0,0,0,0,0,0,0,0,0,1,0,1
21,1,10,3,3,2,1,1,1416,1,0,13,3,1,0,1,6,2,1,0,1,0,16992.0,1.0,2.0,0,1,1,0,1,0,0,0,0,0,0,1,0,0,0,0,0,0,0,1
46,0,8,4,4,2,2,1,4615,8,1,23,4,1,3,19,2,3,16,13,1,7,2914.7368421052633,0.05263157894736842,2.6666666666666665,0,1,1,0,1,0,0,0,0,0,0,0,0,0,0,1,0,0,0,0
51,1,4,4,1,3,1,3,2461,9,1,12,3,3,3,18,2,4,10,0,2,7,1640.6666666666667,0.1111111111111111,2.6666666666666665,0,1,1,0,1,0,0,0,0,1,0,0,0,0,0,1,0,0,1,0
28,1,24,2,2,2,3,1,8722,1,0,12,3,1,0,10,2,2,10,7,1,9,10466.4,0.1,1.6666666666666667,0,0,1,0,0,0,0,0,1,1,0,0,0,0,0,0,0,0,0,1
26,0,1,2,1,2,1,1,3955,1,0,16,3,1,2,6,2,3,5,3,1,3,7910.0,0.16666666666666666,1.6666666666666667,0,1,1,0,0,0,1,0,0,1,0,1,0,0,0,0,0,0,1,0
30,0,20,3,3,3,2,1,9957,0,0,15,3,3,1,7,1,2,6,2,0,2,17069.14285714286,0.0,2.0,0,1,1,0,0,0,0,1,0,1,0,0,0,1,0,0,0,0,1,0
41,0,7,2,2,4,1,3,3376,1,0,13,3,3,0,10,3,3,10,6,0,8,4051.2,0.0,2.6666666666666665,0,1,1,0,0,0,0,0,1,0,0,0,0,0,0,1,0,0,1,0
38,0,17,1,3,2,3,3,8823,0,0,18,3,1,1,20,4,2,19,9,1,9,5293.8,0.05,2.6666666666666665,0,1,1,0,1,0,0,0,0,0,0,0,0,0,0,0,0,0,1,0
40,0,20,4,1,3,3,4,10322,4,0,20,4,4,1,14,6,3,11,10,11,1,8847.42857142857,0.7857142857142857,2.6666666666666665,0,1,1,0,0,0,0,0,1,1,0,0,0,0,0,0,0,0,1,0
27,0,8,5,1,1,1,3,4621,1,0,19,3,4,3,3,4,3,3,2,1,2,18484.0,0.3333333333333333,2.3333333333333335,0,0,1,0,1,0,0,0,0,1,0,1,0,0,0,0,0,0,1,0
55,0,2,1,4,3,3,2,10976,3,0,18,3,2,1,23,4,3,3,2,1,2,5726.608695652174,0.043478260869565216,3.0,1,0,1,0,1,0,0,0,0,1,0,0,0,1,0,0,0,0,1,0
28,0,10,3,3,3,2,3,3660,3,0,13,3,4,0,10,4,4,8,7,1,7,4392.0,0.1,3.3333333333333335,0,1,1,0,0,0,0,1,0,0,0,0,0,0,0,1,0,0,0,1
44,1,1,2,2,2,3,1,10482,9,0,14,3,4,1,24,1,3,20,6,3,6,5241.0,0.125,2.0,0,1,0,0,0,0,1,0,0,1,1,0,0,0,0,0,0,0,1,0
33,0,5,3,4,2,3,4,7119,4,0,15,3,3,1,9,2,3,3,2,1,2,9492.0,0.1111111111111111,3.6666666666666665,0,1,1,0,1,0,0,0,0,1,0,0,0,0,0,0,0,0,0,0
35,1,4,3,4,3,3,1,9582,0,1,22,4,1,0,9,2,3,8,7,4,7,12776.0,0.4444444444444444,2.6666666666666665,0,1,0,1,0,0,0,0,1,1,0,0,0,0,0,0,1,0,0,1
33,1,29,4,1,2,2,3,4508,1,0,22,4,2,0,14,4,3,13,7,3,8,3864.0,0.21428571428571427,2.3333333333333335,1,0,1,0,0,0,1,0,0,0,0,0,0,0,0,1,0,0,0,1
28,0,15,2,1,3,1,3,2207,1,0,16,3,4,1,4,5,2,4,2,2,2,6621.0,0.5,2.0,0,1,1,0,1,0,0,0,0,1,0,1,0,0,0,0,0,0,0,0
34,0,3,1,1,3,2,4,7756,0,0,17,3,3,0,7,1,2,6,2,0,4,13296.0,0.0,2.3333333333333335,1,0,1,0,1,0,0,0,0,1,0,0,0,0,0,0,0,0,0,1
37,0,10,4,4,2,2,4,6694,2,1,14,3,3,3,8,5,3,1,0,0,0,10041.0,0.0,3.6666666666666665,0,1,0,1,1,0,0,0,0,0,0,0,0,0,0,0,1,0,0,0
25,1,4,1,4,3,1,4,3691,1,1,15,3,2,1,7,3,4,7,7,5,6,6327.428571428572,0.7142857142857143,4.0,0,1,1,0,0,0,0,0,1,1,0,1,0,0,0,0,0,0,1,0
26,1,21,3,1,3,1,3,2377,1,0,20,4,3,1,1,0,2,1,1,0,0,28524.0,0.0,2.0,0,1,1,0,0,0,1,0,0,1,0,1,0,0,0,0,0,0,0,0
33,1,25,3,1,2,1,2,2313,4,1,20,4,2,0,5,0,3,2,2,2,2,5551.2,0.4,2.0,0,1,1,0,0,0,1,0,0,1,0,0,0,0,0,1,0,0,0,1
42,0,2,2,4,3,4,1,17665,0,0,17,3,4,1,23,3,3,22,6,13,7,9216.521739130434,0.5652173913043478,2.6666666666666665,0,1,1,0,0,0,1,0,0,1,0,0,1,0,0,0,0,0,1,0
28,1,1,3,1,2,1,2,2596,1,0,15,3,1,2,1,2,3,1,0,0,0,31152.0,0.0,2.0,1,0,1,0,0,0,1,0,0,1,0,1,0,0,0,0,0,0,0,0
50,1,1,4,4,3,2,3,4728,3,1,14,3,4,0,5,4,3,0,0,0,0,11347.2,0.0,3.3333333333333335,1,0,0,1,0,0,0,1,0,1,0,0,0,0,0,0,1,0,0,1
33,0,7,3,4,3,2,2,4302,0,0,17,3,3,1,4,3,3,3,2,0,2,12906.0,0.0,3.0,1,0,0,1,1,0,0,0,0,0,0,0,0,0,0,0,1,0,1,0
34,0,3,4,3,2,1,4,2979,3,0,17,3,4,3,6,2,3,0,0,0,0,5958.0,0.0,3.3333333333333335,0,0,1,0,1,0,0,0,0,1,0,0,0,0,0,1,0,0,1,0
48,0,1,4,1,4,4,4,16885,2,0,22,4,3,0,27,3,2,5,4,2,1,7504.444444444444,0.07407407407407407,2.3333333333333335,0,0,1,0,0,0,1,0,0,1,0,0,1,0,0,0,0,0,0,1
45,0,9,4,2,2,2,3,5593,1,0,13,3,4,1,15,2,3,15,10,4,12,4474.4,0.26666666666666666,2.6666666666666665,0,0,0,1,1,0,0,0,0,0,0,0,0,0,0,0,1,0,1,0
52,0,7,4,2,3,3,2,10445,7,0,19,3,4,0,18,4,3,8,6,4,0,6963.333333333333,0.2222222222222222,2.3333333333333335,0,1,1,0,1,0,0,0,0,1,0,0,0,0,0,0,0,0,0,1
38,0,10,4,3,2,3,3,8740,0,1,14,3,2,2,9,2,3,8,7,2,7,11653.333333333334,0.2222222222222222,3.0,0,1,0,1,0,1,0,0,0,1,0,0,0,0,0,0,1,0,0,0
29,0,28,4,3,3,1,4,2514,4,0,22,4,1,1,11,1,3,7,5,1,7,2742.5454545454545,0.09090909090909091,3.3333333333333335,0,1,1,0,1,0,0,0,0,0,0,0,0,0,0,1,0,0,0,0
28,0,3,3,4,3,3,2,7655,0,0,17,3,2,3,10,3,2,9,7,1,7,9186.0,0.1,2.6666666666666665,0,1,1,0,0,0,1,0,0,0,0,0,0,1,0,0,0,0,0,0
46,0,3,1,1,3,4,3,17465,3,0,12,3,4,1,23,3,3,12,9,4,9,9112.173913043478,0.17391304347826086,2.3333333333333335,0,1,0,1,0,1,0,0,0,1,0,0,1,0,0,0,0,0,1,0
38,0,2,2,4,3,3,2,7351,7,0,16,3,3,0,10,2,3,1,0,0,0,8821.2,0.0,3.0,0,1,0,1,0,1,0,0,0,1,0,0,0,0,0,0,1,0,0,1
43,0,27,3,3,3,3,1,10820,8,0,11,3,3,1,18,1,3,8,7,0,1,7213.333333333333,0.0,2.3333333333333335,1,0,1,0,1,0,0,0,0,0,0,0,0,1,0,0,0,0,1,0
39,1,2,3,1,3,4,4,12169,7,0,11,3,4,3,21,4,3,18,7,11,5,6953.714285714285,0.5238095238095238,2.6666666666666665,1,0,1,0,1,0,0,0,0,1,0,0,0,0,0,0,0,0,0,0
40,0,14,3,3,2,5,3,19626,1,0,14,3,1,0,21,2,4,20,7,4,9,11214.857142857143,0.19047619047619047,3.3333333333333335,0,1,1,0,0,0,1,0,0,1,0,0,0,0,1,0,0,0,0,1
21,0,1,1,4,2,1,2,2070,1,1,11,3,3,0,2,6,4,2,2,2,2,12420.0,1.0,3.3333333333333335,0,1,1,0,0,0,0,0,1,0,0,0,0,0,0,1,0,0,0,1
39,0,9,3,3,3,2,2,6782,9,0,15,3,3,0,9,2,2,5,4,0,3,9042.666666666666,0.0,2.3333333333333335,0,0,1,0,1,0,0,0,0,1,0,1,0,0,0,0,0,0,0,1
36,0,18,4,1,3,2,4,7779,2,0,20,4,1,0,18,0,3,11,9,0,9,5186.0,0.0,2.6666666666666665,0,0,1,0,1,0,0,0,0,1,0,0,0,1,0,0,0,0,0,1
31,0,20,3,3,4,1,4,2791,0,0,12,3,1,1,3,4,3,2,2,2,2,11164.0,0.6666666666666666,3.3333333333333335,1,0,0,1,1,0,0,0,0,1,0,0,0,0,0,0,0,1,1,0
28,0,2,1,1,2,1,2,3201,0,0,17,3,1,0,6,2,1,5,3,0,4,6402.0,0.0,1.3333333333333333,0,1,1,0,1,0,0,0,0,1,0,0,0,0,0,1,0,0,1,0
35,0,11,2,4,3,2,4,4968,1,0,11,3,4,1,5,3,3,5,2,0,2,11923.2,0.0,3.6666666666666665,1,0,0,1,0,1,0,0,0,1,0,0,0,0,0,0,1,0,0,0
49,0,8,4,4,2,4,2,13120,6,0,17,3,2,1,22,3,3,9,8,2,3,7156.363636363636,0.09090909090909091,3.0,0,1,0,1,0,0,0,0,1,1,0,0,0,0,0,0,1,0,1,0
34,0,2,2,4,3,2,3,4033,2,0,11,3,4,0,5,3,2,3,2,0,2,9679.2,0.0,3.0,1,0,1,0,1,0,0,0,0,1,0,0,0,1,0,0,0,0,0,1
29,0,10,3,4,3,1,2,3291,0,0,14,3,4,2,8,2,2,7,5,1,1,4936.5,0.125,2.6666666666666665,1,0,1,0,1,0,0,0,0,0,0,0,0,0,0,1,0,0,0,0
42,0,29,3,2,1,2,4,4272,4,0,19,3,1,0,16,3,3,1,0,0,0,3204.0,0.0,3.0,0,1,1,0,0,0,1,0,0,1,0,1,0,0,0,0,0,0,0,1
29,0,8,1,2,2,2,4,5056,1,1,15,3,3,1,10,2,2,10,7,1,2,6067.2,0.1,2.6666666666666665,0,1,1,0,0,0,1,0,0,1,0,0,0,1,0,0,0,0,1,0
38,0,1,3,3,4,1,3,2844,1,0,13,3,4,1,7,2,4,7,6,5,0,4875.428571428572,0.7142857142857143,3.3333333333333335,0,1,0,0,0,0,0,0,0,1,1,0,0,0,0,0,0,0,1,0
28,0,6,3,3,2,1,3,2703,1,1,14,3,4,1,3,2,3,3,1,0,2,10812.0,0.0,3.0,1,0,1,0,1,0,0,0,0,1,0,0,0,0,0,1,0,0,0,0
18,1,8,1,3,3,1,3,1904,1,0,12,3,4,0,0,0,3,0,0,0,0,22848.0,0.0,3.0,0,0,1,0,0,0,1,0,0,1,0,1,0,0,0,0,0,0,0,1
33,1,9,4,1,3,2,1,8224,0,1,17,3,1,0,6,3,3,5,2,0,3,16448.0,0.0,1.6666666666666667,0,1,0,1,0,1,0,0,0,0,0,0,0,0,0,0,1,0,0,1
41,0,12,4,2,3,1,4,4766,3,1,11,3,1,1,6,4,3,1,0,0,0,9532.0,0.0,3.0,0,1,1,0,1,0,0,0,0,1,0,1,0,0,0,0,0,0,1,0
31,1,15,3,3,3,1,3,2610,1,0,12,3,3,1,2,5,2,2,2,2,2,15660.0,1.0,2.6666666666666665,1,0,1,0,0,0,1,0,0,1,0,1,0,0,0,0,0,0,1,0
37,0,25,2,3,2,2,4,5731,7,0,13,3,3,2,9,2,3,6,2,1,3,7641.333333333333,0.1111111111111111,3.3333333333333335,0,1,1,0,0,0,1,0,0,0,0,0,0,0,0,0,0,0,0,0
27,0,6,3,4,2,1,3,2539,1,0,13,3,3,1,4,0,3,4,2,2,2,7617.0,0.5,3.3333333333333335,0,1,1,0,1,0,0,0,0,1,0,0,0,0,0,1,0,0,1,0
34,0,9,1,2,3,2,3,5714,1,0,20,4,1,0,6,3,2,6,5,1,3,11428.0,0.16666666666666666,2.3333333333333335,0,1,0,1,1,0,0,0,0,0,0,0,0,0,0,0,1,0,1,0
35,0,8,4,3,3,1,3,4323,1,0,17,3,2,0,6,2,1,5,4,1,4,8646.0,0.16666666666666666,2.3333333333333335,0,1,0,0,0,0,0,0,1,1,1,0,0,0,0,0,0,0,0,1
29,1,23,1,4,2,3,1,7336,1,0,13,3,1,1,11,3,1,11,8,3,10,8002.909090909091,0.2727272727272727,2.0,0,1,0,1,1,0,0,0,0,0,0,0,0,0,0,0,1,0,1,0
40,0,9,4,2,3,3,3,13499,9,0,17,3,3,0,20,3,2,18,7,2,13,8099.4,0.1,2.3333333333333335,1,0,1,0,0,0,1,0,0,0,0,0,0,0,1,0,0,0,0,1
42,1,12,3,3,3,4,1,13758,0,1,12,3,2,0,22,2,2,21,9,13,14,7504.363636363636,0.5909090909090909,2.0,1,0,0,1,1,0,0,0,0,1,0,0,0,0,0,0,1,0,0,1
42,0,4,4,2,3,2,1,5155,7,0,13,3,4,0,9,3,4,6,4,1,5,6873.333333333333,0.1111111111111111,2.3333333333333335,0,1,0,1,0,1,0,0,0,1,0,0,0,0,0,0,1,0,0,1
35,0,1,4,4,2,1,3,2258,6,0,12,3,2,1,10,2,3,8,0,1,7,2709.6,0.1,3.3333333333333335,0,1,1,0,0,0,1,0,0,1,0,1,0,0,0,0,0,0,1,0
24,0,24,3,4,3,1,2,3597,8,0,22,4,4,0,6,2,3,4,3,1,2,7194.0,0.16666666666666666,3.0,0,1,1,0,0,0,1,0,0,1,0,1,0,0,0,0,0,0,0,1
28,1,12,1,3,3,1,4,2515,1,1,11,3,4,0,1,4,2,1,1,0,0,30180.0,0.0,3.0,0,1,1,0,1,0,0,0,0,0,0,1,0,0,0,0,0,0,1,0
26,0,3,4,1,4,1,4,4420,1,0,22,4,2,1,8,2,3,8,7,0,7,6630.0,0.0,2.6666666666666665,0,1,1,0,0,0,1,0,0,1,0,1,0,0,0,0,0,0,1,0
30,0,10,3,3,2,2,3,6578,1,0,18,3,1,1,10,3,3,10,3,1,4,7893.6,0.1,3.0,0,1,0,1,0,1,0,0,0,1,0,0,0,0,0,0,1,0,1,0
40,0,26,2,3,2,2,4,4422,3,1,13,3,4,1,16,3,1,1,1,0,0,3316.5,0.0,2.6666666666666665,1,0,1,0,0,0,1,0,0,0,0,0,0,0,0,1,0,0,1,0
35,0,2,3,3,2,3,2,10274,2,0,18,3,2,1,15,2,4,7,7,6,4,8219.2,0.4,3.0,0,1,1,0,1,0,0,0,0,1,0,0,0,1,0,0,0,0,0,0
34,0,1,3,4,2,2,1,5343,0,0,20,4,3,0,14,3,3,13,9,4,9,4579.714285714285,0.2857142857142857,2.6666666666666665,1,0,1,0,0,0,1,0,0,1,0,0,0,0,0,0,0,0,0,1
35,0,4,4,4,2,1,4,2376,1,0,13,3,2,1,2,2,4,2,2,2,2,14256.0,1.0,4.0,1,0,1,0,0,0,0,1,0,1,0,1,0,0,0,0,0,0,1,0
43,1,9,3,1,1,2,3,5346,8,0,13,3,2,0,7,2,2,4,3,1,3,9164.57142857143,0.14285714285714285,2.0,0,1,0,1,0,1,0,0,0,0,0,0,0,0,0,0,1,0,0,1
32,0,2,1,3,3,1,1,2827,1,0,12,3,3,3,1,3,3,1,0,0,0,33924.0,0.0,2.3333333333333335,0,0,0,1,1,0,0,0,0,0,0,0,0,0,0,0,0,1,0,0
56,0,4,4,4,3,5,1,19943,4,0,13,3,4,1,28,2,3,5,2,4,2,8547.0,0.14285714285714285,2.6666666666666665,0,1,1,0,0,0,0,0,1,0,0,0,1,0,0,0,0,0,0,0
29,0,6,1,2,3,1,4,3131,1,0,13,3,1,1,10,5,3,10,8,0,8,3757.2,0.0,3.0,0,1,1,0,0,0,1,0,0,0,0,1,0,0,0,0,0,0,1,0
19,0,9,2,3,3,1,1,2552,1,0,25,4,3,0,1,4,3,1,1,0,0,30624.0,0.0,2.3333333333333335,0,1,1,0,1,0,0,0,0,1,0,0,0,0,0,1,0,0,0,1
45,0,7,3,1,3,1,3,4477,4,1,19,3,3,1,7,2,2,3,2,0,2,7674.857142857143,0.0,2.0,0,1,1,0,0,0,1,0,0,0,0,0,0,0,0,1,0,0,1,0
37,0,1,3,4,2,2,4,6474,1,0,13,3,2,1,14,2,2,14,8,3,11,5549.142857142857,0.21428571428571427,3.3333333333333335,0,1,1,0,1,0,0,0,0,0,0,0,0,1,0,0,0,0,1,0
20,0,3,3,1,2,1,3,3033,1,0,12,3,1,0,2,2,2,2,2,1,2,18198.0,0.5,2.0,0,1,1,0,1,0,0,0,0,1,0,1,0,0,0,0,0,0,0,1
44,1,10,4,3,3,1,3,2936,1,1,11,3,3,0,6,4,3,6,4,0,2,5872.0,0.0,3.0,0,1,1,0,1,0,0,0,0,1,0,0,0,0,0,1,0,0,0,1
53,0,7,2,4,3,5,3,18606,3,0,18,3,2,1,26,6,3,7,7,4,7,8587.384615384615,0.15384615384615385,3.3333333333333335,0,1,1,0,0,0,1,0,0,0,0,0,1,0,0,0,0,0,0,0
29,0,15,1,2,1,1,4,2168,0,1,18,3,1,1,6,2,2,5,4,1,3,4336.0,0.16666666666666666,2.6666666666666665,0,1,1,0,1,0,0,0,0,0,0,0,0,0,0,1,0,0,1,0
22,1,3,4,3,2,1,4,2853,0,1,11,3,2,1,1,5,3,0,0,0,0,34236.0,0.0,3.3333333333333335,1,0,1,0,1,0,0,0,0,1,0,0,0,0,0,1,0,0,1,0
46,0,2,3,3,3,4,1,17048,8,0,23,4,1,0,28,2,3,26,15,15,9,7306.285714285715,0.5357142857142857,2.3333333333333335,0,1,0,1,0,1,0,0,0,0,0,0,1,0,0,0,0,0,1,0
44,0,17,3,4,1,1,3,2290,2,0,13,3,4,0,6,3,3,0,0,0,0,4580.0,0.0,3.3333333333333335,0,0,1,0,1,0,0,0,0,1,0,0,0,0,0,1,0,0,0,1
33,0,2,3,2,3,1,3,3600,1,0,13,3,4,1,5,2,3,5,4,1,4,8640.0,0.2,2.6666666666666665,0,1,0,0,0,0,0,0,0,1,1,0,0,0,0,0,0,0,1,0
41,1,5,2,1,2,1,1,2107,6,0,17,3,1,1,5,2,1,1,0,0,0,5056.8,0.0,1.0,0,0,1,0,1,0,0,0,0,1,0,0,0,0,0,1,0,0,0,0
30,0,29,4,3,3,2,1,4115,8,0,19,3,3,3,8,3,3,4,3,0,3,6172.5,0.0,2.3333333333333335,0,1,0,1,1,0,0,0,0,1,0,0,0,0,0,0,1,0,0,0
40,0,2,4,2,3,2,2,4327,5,0,12,3,4,3,5,2,3,0,0,0,0,10384.8,0.0,2.3333333333333335,1,0,0,1,0,0,1,0,0,1,0,0,0,0,0,0,1,0,1,0
50,0,2,3,4,3,4,1,17856,2,0,22,4,3,1,32,3,3,2,2,2,2,6696.0,0.0625,2.6666666666666665,1,0,1,0,0,0,1,0,0,0,0,0,1,0,0,0,0,0,1,0
28,0,19,4,4,2,1,1,3196,1,0,12,3,3,3,6,2,3,6,5,3,3,6392.0,0.5,2.6666666666666665,0,1,1,0,0,0,1,0,0,1,0,1,0,0,0,0,0,0,1,0
46,0,15,2,4,3,5,2,19081,5,0,11,3,1,1,25,2,3,4,2,0,3,9158.88,0.0,3.0,0,1,1,0,1,0,0,0,0,1,0,0,0,0,1,0,0,0,1,0
35,0,17,4,3,3,2,1,8966,3,1,15,3,4,3,15,2,3,7,7,1,7,7172.8,0.06666666666666667,2.3333333333333335,0,1,0,1,1,0,0,0,0,1,0,0,0,0,0,0,1,0,1,0
24,1,17,2,4,3,1,2,2210,1,0,13,3,1,1,1,3,1,1,0,0,0,26520.0,0.0,2.3333333333333335,0,1,1,0,1,0,0,0,0,0,0,1,0,0,0,0,0,0,1,0
33,0,25,3,2,3,2,3,4539,1,0,12,3,1,1,10,3,2,10,7,0,1,5446.8,0.0,2.3333333333333335,1,0,0,1,0,0,1,0,0,0,0,0,0,0,0,0,1,0,1,0
36,0,6,4,3,1,1,3,2741,1,0,14,3,3,1,7,4,3,7,7,1,7,4698.857142857143,0.14285714285714285,3.0,0,1,1,0,1,0,0,0,0,1,0,1,0,0,0,0,0,0,0,0
30,0,7,4,3,3,2,3,3491,1,0,13,3,1,3,10,4,2,10,7,8,9,4189.2,0.8,2.6666666666666665,0,1,1,0,1,0,0,0,0,1,0,1,0,0,0,0,0,0,0,0
44,0,29,4,4,3,2,4,4541,1,0,25,4,2,0,20,3,3,20,11,13,17,2724.6,0.65,3.6666666666666665,0,1,1,0,0,0,0,1,0,1,0,0,0,0,0,1,0,0,0,1
20,0,21,3,3,4,1,4,2678,1,0,17,3,4,0,2,2,3,2,1,2,2,16068.0,1.0,3.3333333333333335,0,1,0,1,0,1,0,0,0,1,0,0,0,0,0,0,0,1,0,1
46,0,2,4,4,3,2,4,7379,2,0,11,3,3,1,12,3,2,6,3,1,4,7379.0,0.08333333333333333,3.3333333333333335,0,1,1,0,0,0,0,0,1,1,0,0,0,1,0,0,0,0,0,0
42,0,2,5,4,4,2,1,6272,7,0,16,3,1,1,10,3,4,4,3,0,3,7526.4,0.0,3.0,0,0,0,0,0,0,1,0,0,1,1,0,0,0,0,0,0,0,1,0
60,0,7,4,2,4,2,4,5220,0,1,18,3,2,1,12,3,3,11,7,1,9,5220.0,0.08333333333333333,3.0,0,1,0,1,0,1,0,0,0,1,0,0,0,0,0,0,1,0,0,0
32,0,13,3,3,2,1,2,2743,1,0,20,4,3,1,2,2,3,2,2,2,2,16458.0,1.0,2.6666666666666665,1,0,1,0,0,0,0,1,0,0,0,1,0,0,0,0,0,0,1,0
32,0,2,2,4,3,2,3,4998,4,1,14,3,4,0,10,2,3,8,7,0,7,5997.6,0.0,3.3333333333333335,1,0,1,0,1,0,0,0,0,0,0,0,0,0,0,1,0,0,0,1
36,0,1,3,3,1,3,1,10252,2,1,21,4,3,1,17,2,3,7,7,7,7,7236.705882352941,0.4117647058823529,2.3333333333333335,0,1,1,0,0,0,0,0,1,0,0,0,0,1,0,0,0,0,0,0
33,0,9,3,1,3,1,4,2781,0,0,13,3,2,1,15,5,3,14,10,4,10,2224.8,0.26666666666666666,2.6666666666666665,0,1,1,0,0,0,1,0,0,1,0,0,0,0,0,1,0,0,1,0
40,0,10,3,2,2,2,2,6852,7,0,12,3,2,1,7,2,4,5,1,1,3,11746.285714285714,0.14285714285714285,2.6666666666666665,0,1,0,1,0,0,0,0,1,0,0,0,0,0,0,0,1,0,0,0
25,0,10,4,3,3,2,4,4950,0,0,14,3,2,0,5,4,3,4,3,1,1,11880.0,0.2,3.3333333333333335,0,1,0,1,1,0,0,0,0,1,0,0,0,0,0,0,1,0,0,1
30,0,1,3,4,3,1,2,3579,0,1,21,4,1,1,12,2,3,11,9,5,7,3579.0,0.4166666666666667,3.0,0,1,1,0,0,0,1,0,0,1,0,0,0,0,0,1,0,0,1,0
42,0,26,5,1,3,3,1,13191,3,1,17,3,3,0,20,6,3,1,0,0,0,7914.6,0.0,1.6666666666666667,1,0,1,0,0,0,1,0,0,0,0,0,0,0,1,0,0,0,1,0
35,0,8,2,3,2,3,4,10377,4,1,11,3,2,1,16,6,2,13,2,4,12,7782.75,0.25,3.0,0,0,0,1,0,1,0,0,0,0,0,0,0,0,0,0,1,0,1,0
27,0,14,3,1,3,1,1,2235,1,1,14,3,4,2,9,3,2,9,7,6,8,2980.0,0.6666666666666666,1.3333333333333333,0,1,1,0,1,0,0,0,0,1,0,0,0,0,0,1,0,0,1,0
54,0,1,4,4,3,3,3,10502,7,0,17,3,1,1,33,2,1,5,4,1,4,3818.909090909091,0.030303030303030304,2.6666666666666665,1,0,1,0,1,0,0,0,0,0,0,0,0,1,0,0,0,0,0,0
44,0,2,1,1,4,1,4,2011,1,0,13,3,4,1,10,5,3,10,5,7,7,2413.2,0.7,2.6666666666666665,0,1,1,0,1,0,0,0,0,0,0,0,0,0,0,1,0,0,1,0
19,1,10,3,1,2,1,2,1859,1,1,25,4,2,0,1,2,4,1,1,0,0,22308.0,0.0,2.3333333333333335,0,0,1,0,0,0,1,0,0,0,0,0,0,0,0,1,0,0,0,1
29,0,1,3,1,3,1,4,3760,1,0,15,3,1,3,3,5,3,3,2,1,2,15040.0,0.3333333333333333,2.6666666666666665,0,1,1,0,1,0,0,0,0,0,0,0,0,0,0,1,0,0,0,0
54,0,3,3,4,3,4,4,17779,3,0,14,3,1,0,36,2,3,10,9,0,9,5926.333333333333,0.0,3.6666666666666665,0,1,1,0,1,0,0,0,0,1,0,0,0,0,1,0,0,0,1,0
31,0,11,2,3,3,2,1,6833,1,1,12,3,4,0,6,2,2,6,5,0,1,13666.0,0.0,2.0,0,1,1,0,0,0,1,0,0,1,0,0,0,0,0,0,0,0,1,0
31,0,24,3,3,2,2,1,6812,1,0,19,3,2,0,10,2,3,10,9,1,8,8174.4,0.1,2.3333333333333335,0,1,1,0,0,0,1,0,0,0,0,0,0,0,0,0,0,0,0,1
59,0,3,3,3,2,2,4,5171,5,0,17,3,4,0,13,2,3,6,1,0,5,4773.2307692307695,0.0,3.3333333333333335,0,1,0,1,1,0,0,0,0,0,0,0,0,0,0,0,1,0,0,1
43,0,3,3,3,1,5,4,19740,3,0,14,3,2,1,25,2,3,8,7,0,7,9475.2,0.0,3.3333333333333335,0,1,1,0,1,0,0,0,0,1,0,0,0,0,1,0,0,0,1,0
49,0,4,2,1,2,5,3,18711,2,0,13,3,3,1,23,2,4,1,0,0,0,9762.260869565218,0.0,2.6666666666666665,0,1,1,0,0,0,1,0,0,1,0,0,1,0,0,0,0,0,1,0
36,0,3,3,3,3,1,2,3692,1,0,12,3,3,0,12,2,2,11,10,0,7,3692.0,0.0,2.3333333333333335,1,0,1,0,0,0,0,0,1,1,0,0,0,0,0,1,0,0,1,0
48,0,2,2,4,4,1,2,2559,5,0,11,3,3,0,7,4,2,1,0,0,0,4386.857142857143,0.0,2.6666666666666665,0,1,1,0,0,0,0,0,1,1,0,1,0,0,0,0,0,0,0,1
27,0,4,2,1,3,1,3,2517,1,0,11,3,2,3,5,2,3,5,3,0,3,6040.8,0.0,2.3333333333333335,0,1,1,0,1,0,0,0,0,1,0,0,0,0,0,1,0,0,0,0
29,0,7,3,3,3,2,4,6623,1,1,11,3,2,2,6,2,3,6,0,1,0,13246.0,0.16666666666666666,3.3333333333333335,0,1,1,0,1,0,0,0,0,1,0,0,0,0,0,0,0,0,0,0
48,0,1,3,4,2,5,4,18265,6,0,12,3,3,0,25,3,4,1,0,0,0,8767.2,0.0,4.0,0,1,1,0,1,0,0,0,0,1,0,0,0,0,1,0,0,0,0,1
29,0,1,3,4,2,4,4,16124,3,0,14,3,2,2,9,2,2,7,7,1,7,21498.666666666668,0.1111111111111111,3.3333333333333335,0,1,1,0,1,0,0,0,0,0,0,0,0,0,1,0,0,0,0,0
34,0,20,3,3,4,1,3,2585,0,0,17,3,4,0,2,5,2,1,0,0,0,15510.0,0.0,2.6666666666666665,0,1,1,0,0,0,0,0,1,0,0,0,0,0,0,1,0,0,1,0
44,0,5,3,2,3,5,2,18213,7,0,11,3,3,1,26,5,3,22,9,3,10,8406.0,0.11538461538461539,2.3333333333333335,0,1,0,1,0,1,0,0,0,1,0,0,1,0,0,0,0,0,1,0
33,0,10,5,4,4,3,3,8380,0,1,14,3,4,2,10,3,3,9,8,0,8,10056.0,0.0,3.3333333333333335,0,1,0,1,0,1,0,0,0,1,0,0,0,0,0,0,1,0,0,0
19,0,25,3,2,4,1,4,2994,1,1,12,3,4,0,1,2,3,1,0,0,1,35928.0,0.0,3.0,0,1,1,0,1,0,0,0,0,0,0,0,0,0,0,1,0,0,0,1
23,0,1,2,4,3,1,3,1223,1,0,22,4,4,1,1,2,3,1,0,0,1,14676.0,0.0,3.3333333333333335,0,1,1,0,1,0,0,0,0,1,0,0,0,0,0,1,0,0,1,0
25,1,24,1,3,1,1,4,1118,1,1,14,3,4,0,1,4,3,1,0,1,0,13416.0,1.0,3.3333333333333335,1,0,0,1,1,0,0,0,0,1,0,0,0,0,0,0,0,1,0,1
26,0,4,2,3,3,1,4,2875,1,1,20,4,2,0,8,2,2,8,5,2,2,4312.5,0.25,3.0,0,1,1,0,1,0,0,0,0,1,0,0,0,0,0,1,0,0,0,1
45,1,2,3,1,1,5,2,18824,2,1,16,3,1,0,26,2,3,24,10,1,11,8688.0,0.038461538461538464,2.0,0,1,0,1,0,1,0,0,0,0,0,0,1,0,0,0,0,0,0,1
55,0,8,1,4,2,4,2,13577,1,1,15,3,4,1,34,3,3,33,9,15,0,4791.882352941177,0.4411764705882353,3.0,0,0,1,0,0,0,1,0,0,1,0,0,0,0,0,0,0,0,0,0
21,1,10,2,1,2,1,3,2625,1,0,20,4,3,0,2,2,1,2,2,2,2,15750.0,1.0,1.6666666666666667,1,0,1,0,1,0,0,0,0,0,0,1,0,0,0,0,0,0,0,1
46,0,4,2,4,2,5,2,18789,2,0,14,3,3,1,26,2,3,11,4,0,8,8671.846153846154,0.0,3.0,0,1,0,1,0,1,0,0,0,0,0,0,1,0,0,0,0,0,1,0
34,0,2,3,3,3,2,1,4538,0,1,12,3,4,0,4,3,3,3,2,0,2,13614.0,0.0,2.3333333333333335,0,1,0,1,0,1,0,0,0,0,0,0,0,0,0,0,1,0,0,1
51,0,9,3,4,3,5,2,19847,4,1,24,4,1,1,31,5,2,29,10,11,10,7682.709677419355,0.3548387096774194,2.6666666666666665,1,0,0,1,1,0,0,0,0,1,0,0,1,0,0,0,0,0,0,0
59,0,18,4,4,3,3,4,10512,6,0,12,3,4,0,25,6,2,9,7,5,4,5045.76,0.2,3.3333333333333335,0,1,1,0,0,0,1,0,0,1,0,0,0,1,0,0,0,0,0,1
34,0,19,3,3,3,2,2,4444,4,0,13,3,3,2,15,2,4,11,8,5,10,3555.2,0.3333333333333333,3.0,1,0,1,0,0,0,1,0,0,0,0,1,0,0,0,0,0,0,0,0
28,0,1,4,4,3,1,3,2154,0,1,11,3,3,0,5,2,2,4,2,0,2,5169.6,0.0,3.0,1,0,1,0,0,0,1,0,0,1,0,1,0,0,0,0,0,0,0,1
44,0,4,2,3,4,5,1,19190,1,0,14,3,4,2,26,4,2,25,9,14,13,8856.923076923076,0.5384615384615384,2.0,0,1,1,0,1,0,0,0,0,1,0,0,1,0,0,0,0,0,0,0
34,0,11,3,3,2,2,2,4490,4,0,11,3,4,2,14,5,4,10,9,1,8,3848.5714285714284,0.07142857142857142,3.0,1,0,0,0,1,0,0,0,0,1,1,0,0,0,0,0,0,0,1,0
35,0,6,1,3,3,1,3,3506,0,1,14,3,4,0,4,3,3,3,2,2,2,10518.0,0.5,3.0,0,1,1,0,1,0,0,0,0,1,0,0,0,0,0,1,0,0,1,0
42,0,7,4,2,4,2,2,2372,6,1,16,3,4,0,18,2,3,1,0,0,0,1581.3333333333333,0.0,2.3333333333333335,0,1,1,0,0,0,1,0,0,0,0,0,0,0,0,1,0,0,1,0
43,0,4,4,4,2,3,4,10231,3,0,14,3,4,0,23,3,4,21,7,15,17,5337.913043478261,0.6521739130434783,4.0,0,1,0,1,0,1,0,0,0,0,0,0,0,0,0,0,1,0,0,1
36,0,2,4,3,3,2,2,5410,9,1,11,3,4,0,18,2,3,16,14,5,12,3606.6666666666665,0.2777777777777778,2.6666666666666665,0,1,1,0,1,0,0,0,0,0,0,0,0,1,0,0,0,0,0,1
44,1,15,3,1,3,3,4,7978,1,0,11,3,4,1,10,2,3,10,7,0,5,9573.6,0.0,2.6666666666666665,0,1,1,0,0,0,1,0,0,0,0,0,0,0,0,0,0,0,1,0
28,0,2,3,4,2,1,4,3867,1,1,12,3,2,1,2,2,3,2,2,2,2,23202.0,1.0,3.6666666666666665,1,0,1,0,1,0,0,0,0,1,0,1,0,0,0,0,0,0,1,0
51,0,6,2,2,2,1,3,2838,0,0,14,3,2,0,8,6,2,7,0,7,7,4257.0,0.875,2.3333333333333335,1,0,1,0,0,0,1,0,0,0,0,1,0,0,0,0,0,0,0,1
30,0,9,2,3,3,2,3,4695,7,1,18,3,3,0,10,3,3,8,4,1,7,5634.0,0.1,3.0,0,0,1,0,0,0,1,0,0,0,0,0,0,1,0,0,0,0,0,1
29,1,7,3,2,3,1,3,3339,3,1,13,3,1,2,10,2,3,7,7,7,7,4006.8,0.7,2.6666666666666665,0,1,1,0,0,0,0,0,1,0,0,1,0,0,0,0,0,0,0,0
28,0,1,3,4,3,1,1,2080,2,0,11,3,2,0,5,2,2,3,2,1,2,4992.0,0.2,2.3333333333333335,0,1,1,0,0,0,0,0,1,1,0,0,0,0,0,1,0,0,0,1
25,0,1,3,4,3,1,2,2096,1,0,18,3,4,0,2,3,2,2,2,2,1,12576.0,1.0,2.6666666666666665,0,1,1,0,0,0,1,0,0,0,0,0,0,0,0,1,0,0,0,1
32,0,8,3,3,4,2,4,6209,1,0,15,3,3,2,10,4,4,10,7,0,8,7450.8,0.0,3.6666666666666665,0,1,0,1,0,0,1,0,0,1,0,0,0,0,0,0,1,0,1,0
45,0,25,3,2,3,5,2,18061,3,0,22,4,3,0,22,4,3,0,0,0,0,9851.454545454546,0.0,2.3333333333333335,1,0,1,0,0,0,1,0,0,0,0,0,1,0,0,0,0,0,0,1
39,0,13,4,3,2,4,2,17123,6,1,13,3,4,2,21,4,3,19,9,15,2,9784.57142857143,0.7142857142857143,2.6666666666666665,0,1,1,0,0,0,1,0,0,0,0,0,1,0,0,0,0,0,0,0
58,0,23,4,1,3,1,3,2372,1,0,12,3,4,2,2,3,3,2,2,2,2,14232.0,1.0,2.3333333333333335,0,1,1,0,1,0,0,0,0,1,0,0,0,0,0,1,0,0,0,0
32,1,7,2,4,3,2,3,4883,1,0,18,3,1,1,10,3,3,10,4,1,1,5859.6,0.1,3.3333333333333335,0,1,1,0,1,0,0,0,0,1,0,1,0,0,0,0,0,0,1,0
39,1,23,3,3,3,1,1,3904,0,0,13,3,1,0,6,2,3,5,2,0,3,7808.0,0.0,2.3333333333333335,0,1,1,0,0,0,1,0,0,1,0,0,0,0,0,1,0,0,0,1
30,0,6,3,1,2,2,4,4627,0,0,12,3,1,1,10,6,3,9,2,6,7,5552.4,0.6,2.6666666666666665,0,1,1,0,0,0,0,0,1,0,0,1,0,0,0,0,0,0,1,0
36,0,10,4,4,3,3,3,7094,3,0,12,3,1,0,10,0,3,7,7,1,7,8512.8,0.1,3.3333333333333335,0,1,1,0,0,0,0,0,1,0,0,0,0,0,0,0,0,0,1,0
46,0,1,2,4,3,1,1,3423,6,0,12,3,3,0,10,3,4,7,6,5,7,4107.6,0.5,3.0,0,1,0,0,1,0,0,0,0,0,1,0,0,0,0,0,0,0,0,1
28,0,1,3,3,1,2,4,6674,0,0,11,3,1,3,10,6,3,9,8,7,5,8008.8,0.7,3.3333333333333335,0,0,1,0,1,0,0,0,0,0,0,1,0,0,0,0,0,0,1,0
50,0,28,3,4,3,4,1,16880,4,1,11,3,2,0,25,2,3,3,2,1,2,8102.4,0.04,2.6666666666666665,0,1,1,0,1,0,0,0,0,0,0,0,0,0,1,0,0,0,1,0
40,1,25,4,4,2,3,2,9094,2,1,12,3,3,0,9,2,3,5,4,1,0,12125.333333333334,0.1111111111111111,3.0,0,1,0,1,0,1,0,0,0,1,0,0,0,0,0,0,1,0,0,1
52,1,5,3,2,3,3,2,8446,9,1,19,3,3,0,10,2,2,8,7,7,7,10135.2,0.7,2.0,0,1,0,1,1,0,0,0,0,1,0,0,0,0,0,0,1,0,0,1
30,0,17,4,2,3,3,1,11916,1,1,23,4,4,2,9,2,3,9,1,0,8,15888.0,0.0,2.0,0,1,1,0,0,0,1,0,0,0,0,0,1,0,0,0,0,0,1,0
39,0,18,2,1,3,2,3,4534,0,0,11,3,1,0,9,6,3,8,7,1,7,6045.333333333333,0.1111111111111111,2.3333333333333335,0,1,1,0,1,0,0,0,0,1,0,0,0,1,0,0,0,0,0,1
31,0,2,4,4,3,3,3,9852,1,1,19,3,1,1,10,5,2,10,8,9,6,11822.4,0.9,3.0,0,0,0,1,1,0,0,0,0,0,0,0,0,0,0,0,1,0,0,0
41,0,10,2,3,1,2,2,6151,1,0,13,3,1,0,19,4,3,19,2,11,9,3884.842105263158,0.5789473684210527,2.6666666666666665,0,0,0,1,0,0,1,0,0,1,0,0,0,0,0,0,1,0,0,1
31,1,1,3,4,3,1,2,2302,1,1,11,3,1,0,3,2,4,3,2,2,2,9208.0,0.6666666666666666,3.3333333333333335,1,0,0,1,1,0,0,0,0,0,0,0,0,0,0,0,0,1,0,1
44,1,3,3,1,3,1,1,2362,4,0,12,3,3,0,10,4,4,3,2,1,2,2834.4,0.1,2.0,0,1,1,0,1,0,0,0,0,1,0,1,0,0,0,0,0,0,1,0
42,0,2,1,3,3,4,3,17861,0,1,13,3,4,0,21,3,2,20,8,2,10,10206.285714285714,0.09523809523809523,2.6666666666666665,0,0,1,0,1,0,0,0,0,1,0,0,1,0,0,0,0,0,1,0
55,0,2,2,4,1,5,3,19187,4,0,14,3,4,1,23,5,3,19,9,9,11,10010.608695652174,0.391304347826087,3.3333333333333335,0,1,1,0,0,0,1,0,0,0,0,0,1,0,0,0,0,0,1,0
56,0,8,4,4,3,5,2,19717,6,0,14,3,1,0,36,4,3,7,3,7,7,6572.333333333333,0.19444444444444445,3.0,0,1,0,0,1,0,0,0,0,1,0,0,1,0,0,0,0,0,0,1
40,0,16,2,3,3,1,3,3544,9,0,16,3,2,1,6,0,3,4,2,0,0,7088.0,0.0,3.0,0,0,1,0,1,0,0,0,0,1,0,0,0,0,0,1,0,0,0,0
34,0,9,3,4,3,3,4,8500,0,0,11,3,4,1,10,0,2,9,7,1,6,10200.0,0.1,3.3333333333333335,0,1,1,0,1,0,0,0,0,1,0,0,0,0,0,0,0,0,0,0
40,0,2,3,3,3,2,4,4661,1,0,13,3,3,0,9,4,3,9,8,8,8,6214.666666666667,0.8888888888888888,3.3333333333333335,0,1,1,0,1,0,0,0,0,1,0,0,0,0,0,1,0,0,0,1
41,0,1,3,3,3,2,1,4103,0,0,17,3,4,1,10,2,3,9,3,1,7,4923.6,0.1,2.3333333333333335,1,0,0,1,0,1,0,0,0,0,0,0,0,0,0,0,1,0,0,0
35,0,4,4,3,3,2,3,4249,1,1,11,3,2,0,9,3,3,9,6,1,1,5665.333333333333,0.1111111111111111,3.0,1,0,1,0,1,0,0,0,0,1,0,0,0,0,0,1,0,0,0,1
51,0,5,3,3,3,4,2,14026,1,1,11,3,2,1,33,2,3,33,9,0,10,5100.363636363636,0.0,2.6666666666666665,0,1,0,0,1,0,0,0,0,1,0,0,1,0,0,0,0,0,0,0
38,0,2,2,2,3,2,1,6893,3,0,15,3,4,1,11,3,3,7,7,1,7,7519.636363636364,0.09090909090909091,2.0,0,1,0,1,1,0,0,0,0,0,0,0,0,0,0,0,1,0,0,0
34,0,15,2,3,3,2,1,6125,1,0,12,3,4,0,10,6,4,10,8,9,6,7350.0,0.9,2.6666666666666665,0,1,0,1,0,0,1,0,0,0,0,0,0,0,0,0,1,0,0,1
25,0,19,1,4,3,1,4,3669,3,0,11,3,3,3,7,6,2,3,2,1,2,6289.714285714285,0.14285714285714285,3.3333333333333335,0,1,1,0,0,0,1,0,0,1,0,1,0,0,0,0,0,0,1,0
58,1,7,4,3,2,3,1,10008,7,1,14,3,4,0,31,0,2,10,9,5,9,3874.064516129032,0.16129032258064516,2.0,0,1,1,0,0,0,1,0,0,0,0,0,0,1,0,0,0,0,1,0
40,0,1,4,2,3,1,2,2387,3,0,22,4,3,1,7,3,3,4,2,0,3,4092.0,0.0,2.3333333333333335,0,1,1,0,1,0,0,0,0,1,0,1,0,0,0,0,0,0,1,0
36,0,7,3,1,4,2,1,4639,2,0,16,3,4,1,17,2,2,15,7,6,13,3274.5882352941176,0.35294117647058826,1.3333333333333333,1,0,0,1,0,1,0,0,0,0,0,0,0,0,0,0,1,0,1,0
48,0,4,3,4,3,3,4,7898,1,0,11,3,3,0,11,2,3,10,9,0,8,8616.0,0.0,3.6666666666666665,0,1,1,0,1,0,0,0,0,1,0,0,0,1,0,0,0,0,0,1
27,0,11,3,3,4,1,4,2534,8,0,14,3,2,1,5,4,3,1,0,0,0,6081.6,0.0,3.3333333333333335,0,1,0,1,0,0,1,0,0,0,0,0,0,0,0,0,0,1,1,0
51,0,11,2,4,2,4,2,13142,3,0,16,3,2,0,29,1,2,5,2,0,3,5438.068965517241,0.0,2.6666666666666665,0,1,1,0,0,0,0,0,1,0,0,0,0,1,0,0,0,0,0,1
18,0,1,3,4,3,1,4,1611,1,0,15,3,3,0,0,5,4,0,0,0,0,19332.0,0.0,4.0,0,0,1,0,1,0,0,0,0,0,0,1,0,0,0,0,0,0,0,1
35,0,1,3,4,2,2,4,5363,0,0,12,3,2,1,10,0,3,9,7,0,0,6435.6,0.0,3.6666666666666665,0,1,1,0,0,0,1,0,0,0,0,1,0,0,0,0,0,0,1,0
27,0,2,1,4,1,2,4,5071,3,0,20,4,2,0,8,3,3,6,2,0,0,7606.5,0.0,3.6666666666666665,1,0,0,1,1,0,0,0,0,1,0,0,0,0,0,0,1,0,0,1
55,1,13,4,1,4,4,3,13695,6,1,17,3,3,0,24,2,2,19,7,3,8,6847.5,0.125,2.0,0,1,0,1,0,1,0,0,0,1,0,0,0,0,0,0,1,0,0,1
56,0,23,3,4,3,4,2,13402,4,1,12,3,1,1,33,0,3,19,16,15,9,4873.454545454545,0.45454545454545453,3.0,0,1,1,0,1,0,0,0,0,1,0,0,0,1,0,0,0,0,1,0
34,0,26,1,1,2,1,3,2029,1,0,20,4,3,3,5,2,3,5,4,0,0,4869.6,0.0,2.3333333333333335,0,0,1,0,0,0,0,0,1,0,0,0,0,0,0,1,0,0,0,0
40,0,2,1,2,4,2,3,6377,5,0,20,4,2,3,15,0,3,12,11,11,8,5101.6,0.7333333333333333,2.6666666666666665,0,1,1,0,0,0,1,0,0,0,0,0,0,0,0,0,0,0,0,0
34,0,29,3,2,3,2,3,5429,4,0,13,3,1,2,10,1,3,8,7,7,7,6514.8,0.7,2.6666666666666665,0,1,1,0,0,0,1,0,0,1,0,1,0,0,0,0,0,0,1,0
31,1,2,3,3,2,1,4,2785,7,0,14,3,3,0,3,3,4,1,0,0,0,11140.0,0.0,3.6666666666666665,1,0,0,1,1,0,0,0,0,0,0,0,0,0,0,0,0,1,0,1
35,1,18,4,4,3,2,3,4614,0,1,18,3,3,1,5,0,2,4,2,3,2,11073.6,0.6,3.0,1,0,0,1,0,1,0,0,0,0,0,0,0,0,0,0,1,0,1,0
38,0,7,3,4,4,1,3,2610,1,0,11,3,4,3,4,2,3,4,2,0,3,7830.0,0.0,3.3333333333333335,1,0,1,0,1,0,0,0,0,1,0,0,0,0,0,1,0,0,0,0
34,0,2,4,3,3,2,4,6687,1,0,11,3,4,0,14,2,4,14,11,4,11,5731.714285714285,0.2857142857142857,3.6666666666666665,0,1,1,0,0,0,0,0,1,0,0,0,0,0,0,0,0,0,0,1
28,0,26,3,3,2,2,1,4724,1,0,11,3,3,1,5,0,3,5,3,0,4,11337.6,0.0,2.3333333333333335,0,1,0,1,1,0,0,0,0,1,0,0,0,0,0,0,1,0,1,0
31,1,22,4,4,3,2,3,6179,1,1,15,3,4,2,10,3,2,10,2,6,7,7414.8,0.6,3.0,0,1,1,0,0,0,1,0,0,1,0,0,0,1,0,0,0,0,1,0
39,0,21,4,1,2,2,4,6120,3,1,12,3,4,2,8,2,4,5,4,1,4,9180.0,0.125,3.0,0,1,0,1,1,0,0,0,0,1,0,0,0,0,0,0,1,0,1,0
51,0,2,3,2,3,3,2,10596,2,0,11,3,2,0,14,5,3,4,2,3,2,9082.285714285714,0.21428571428571427,2.3333333333333335,1,0,0,1,0,1,0,0,0,1,0,0,0,0,0,0,1,0,1,0
41,0,22,3,4,3,2,4,5467,3,1,14,3,1,2,12,4,2,6,2,3,3,5467.0,0.25,3.3333333333333335,1,0,1,0,1,0,0,0,0,0,0,0,0,0,0,1,0,0,0,0
37,0,4,1,3,3,1,3,2996,7,1,15,3,4,0,8,2,3,6,4,1,3,4494.0,0.125,3.0,0,1,1,0,1,0,0,0,0,1,0,0,0,0,0,1,0,0,1,0
33,0,5,1,2,3,2,4,9998,6,0,13,3,1,0,8,2,4,5,4,1,2,14997.0,0.125,3.3333333333333335,1,0,0,1,1,0,0,0,0,1,0,0,0,0,0,0,1,0,1,0
32,0,2,1,3,3,2,2,4078,0,1,13,3,1,3,4,3,2,3,2,1,2,12234.0,0.25,2.3333333333333335,0,1,0,1,0,1,0,0,0,1,0,0,0,0,0,0,1,0,1,0
39,0,25,2,3,3,3,3,10920,3,0,21,4,2,1,13,2,3,6,4,0,5,10080.0,0.0,3.0,0,0,1,0,1,0,0,0,0,1,0,0,0,0,0,0,0,0,1,0
25,0,18,1,1,4,2,3,6232,2,0,11,3,2,0,6,3,2,3,2,1,2,12464.0,0.16666666666666666,2.0,0,1,0,1,1,0,0,0,0,1,0,0,0,0,0,0,1,0,1,0
52,0,28,2,4,4,4,3,13247,2,1,11,3,2,1,24,3,2,5,3,0,2,6623.5,0.0,3.0,1,0,1,0,0,0,1,0,0,0,0,0,0,1,0,0,0,0,1,0
43,0,6,3,1,2,2,3,4081,1,1,14,3,1,0,20,3,1,20,7,1,8,2448.6,0.05,1.6666666666666667,0,1,1,0,0,0,1,0,0,0,0,0,0,0,0,1,0,0,0,1
27,0,10,3,4,2,2,4,5769,1,1,11,3,4,0,6,3,3,6,2,4,4,11538.0,0.6666666666666666,3.6666666666666665,0,1,0,1,0,1,0,0,0,0,0,0,0,0,0,0,1,0,1,0
27,1,17,4,4,3,1,3,2394,1,1,13,3,4,0,8,2,3,8,2,7,7,3591.0,0.875,3.3333333333333335,0,1,1,0,1,0,0,0,0,0,0,0,0,0,0,1,0,0,0,1
26,0,2,1,1,2,1,4,3904,0,0,12,3,4,0,5,2,3,4,3,1,1,9369.6,0.2,2.6666666666666665,0,1,1,0,0,0,1,0,0,1,0,0,0,0,0,1,0,0,0,1
42,0,10,3,3,3,4,1,16799,0,0,14,3,3,1,21,5,3,20,7,0,9,9599.42857142857,0.0,2.3333333333333335,0,1,0,0,0,0,0,0,0,0,0,0,1,0,0,0,0,0,1,0
52,0,8,4,3,3,1,1,2950,9,0,13,3,3,0,12,2,1,5,4,0,4,2950.0,0.0,1.6666666666666667,0,1,1,0,0,0,0,1,0,0,0,1,0,0,0,0,0,0,1,0
37,0,11,3,1,3,1,3,3629,4,0,18,3,1,0,8,6,3,3,2,0,2,5443.5,0.0,2.3333333333333335,0,1,1,0,0,0,1,0,0,0,0,1,0,0,0,0,0,0,0,1
35,0,18,2,3,3,3,4,9362,2,0,11,3,3,0,10,2,3,2,2,2,2,11234.4,0.2,3.3333333333333335,1,0,1,0,1,0,0,0,0,1,0,0,0,1,0,0,0,0,0,1
25,0,1,3,1,3,1,4,3229,4,0,11,3,2,1,7,2,2,3,2,0,2,5535.428571428572,0.0,2.3333333333333335,0,1,1,0,0,0,0,0,1,1,0,1,0,0,0,0,0,0,1,0
26,0,7,3,3,4,1,1,3578,0,0,12,3,4,0,8,2,3,7,7,0,7,5367.0,0.0,2.3333333333333335,0,1,1,0,0,0,0,1,0,1,0,1,0,0,0,0,0,0,0,1
29,0,17,3,2,2,3,1,7988,1,0,13,3,1,0,10,3,2,10,9,0,9,9585.6,0.0,1.6666666666666667,0,1,0,0,0,0,0,1,0,1,1,0,0,0,0,0,0,0,0,1
49,1,28,2,1,2,2,1,4284,3,0,20,4,1,0,20,2,3,4,3,1,3,2570.4,0.05,1.6666666666666667,1,0,1,0,1,0,0,0,0,1,0,1,0,0,0,0,0,0,0,1
29,1,14,1,3,3,3,4,7553,0,1,12,3,1,0,9,1,3,8,7,7,7,10070.666666666666,0.7777777777777778,3.3333333333333335,1,0,1,0,0,0,0,1,0,0,0,0,0,0,0,0,0,0,0,1
54,0,1,3,4,3,4,4,17328,6,0,19,3,4,0,29,3,2,20,7,12,7,7170.206896551724,0.41379310344827586,3.3333333333333335,0,1,1,0,0,0,1,0,0,0,0,0,0,0,1,0,0,0,0,1
58,0,1,3,4,3,5,1,19701,3,1,21,4,3,1,32,3,3,9,8,1,5,7387.875,0.03125,2.6666666666666665,0,1,1,0,0,0,1,0,0,0,0,0,0,0,1,0,0,0,1,0
55,0,1,4,2,4,4,4,14732,2,0,13,3,4,2,31,4,4,7,7,0,0,5702.709677419355,0.0,3.3333333333333335,0,1,1,0,0,0,1,0,0,1,0,0,0,0,1,0,0,0,0,0
36,0,3,4,1,3,2,2,9278,3,1,16,3,4,0,15,3,3,5,4,0,1,7422.4,0.0,2.0,0,1,0,1,0,1,0,0,0,0,0,0,0,0,0,0,1,0,0,1
31,1,1,4,2,1,1,3,1359,1,0,12,3,2,0,1,3,3,1,0,0,0,16308.0,0.0,2.6666666666666665,1,0,0,1,1,0,0,0,0,0,0,0,0,0,0,0,0,1,0,1
30,0,7,4,4,3,2,1,4779,7,0,14,3,2,2,8,3,3,3,2,0,2,7168.5,0.0,2.6666666666666665,0,1,0,1,0,1,0,0,0,0,0,0,0,0,0,0,1,0,0,0
31,0,8,5,1,3,4,2,16422,3,0,11,3,3,0,9,3,4,3,2,1,0,21896.0,0.1111111111111111,2.3333333333333335,0,1,1,0,1,0,0,0,0,0,0,0,0,0,1,0,0,0,0,1
34,0,1,4,4,3,1,1,2996,5,0,14,3,3,2,10,2,3,4,3,1,3,3595.2,0.1,2.6666666666666665,1,0,1,0,0,0,0,1,0,1,0,0,0,0,0,1,0,0,0,0
31,1,8,3,1,2,1,2,1261,1,0,12,3,3,0,1,3,4,1,0,0,0,15132.0,0.0,2.3333333333333335,0,1,1,0,1,0,0,0,0,0,0,0,0,0,0,1,0,0,0,1
27,0,11,1,2,3,1,1,2099,0,0,14,3,2,0,6,3,4,5,0,1,4,4198.0,0.16666666666666666,2.3333333333333335,0,1,1,0,1,0,0,0,0,1,0,1,0,0,0,0,0,0,1,0
36,0,4,4,1,2,2,4,5810,1,0,16,3,3,0,10,2,2,10,4,1,8,6972.0,0.1,2.3333333333333335,0,1,1,0,1,0,0,0,0,1,0,1,0,0,0,0,0,0,0,1
36,0,16,4,3,2,2,1,5647,4,0,13,3,1,2,11,3,2,3,2,0,2,6160.363636363636,0.0,2.0,0,1,0,1,0,1,0,0,0,0,0,0,0,0,0,0,1,0,1,0
47,0,1,3,1,3,1,4,3420,7,0,12,3,3,1,17,2,2,6,5,1,2,2414.1176470588234,0.058823529411764705,2.3333333333333335,0,1,1,0,0,0,0,0,1,1,0,0,0,0,0,1,0,0,1,0
25,1,9,2,1,2,1,1,4400,3,0,12,3,1,0,6,2,3,3,2,2,2,8800.0,0.3333333333333333,1.6666666666666667,0,1,0,1,1,0,0,0,0,1,0,0,0,0,0,0,0,1,1,0
37,0,5,2,3,4,1,3,3500,0,0,14,3,1,0,7,2,1,6,5,1,3,6000.0,0.14285714285714285,2.3333333333333335,0,0,1,0,0,0,0,0,1,1,0,1,0,0,0,0,0,0,0,1
56,0,1,2,1,3,1,1,2066,2,0,22,4,4,1,5,3,4,3,2,1,0,4958.4,0.2,2.0,0,1,1,0,1,0,0,0,0,0,0,0,0,0,0,1,0,0,1,0
47,0,2,4,1,3,4,3,17169,3,0,19,3,2,2,26,2,4,20,17,5,6,7924.153846153846,0.19230769230769232,2.6666666666666665,0,1,1,0,0,0,1,0,0,0,0,0,0,0,1,0,0,0,1,0
24,0,4,1,4,3,2,3,4162,1,1,12,3,3,2,5,3,3,5,4,0,3,9988.8,0.0,3.3333333333333335,0,1,0,1,0,0,1,0,0,0,0,0,0,0,0,0,1,0,1,0
32,0,7,5,4,3,2,4,9204,4,0,12,3,3,1,7,3,2,4,3,0,3,15778.285714285714,0.0,3.3333333333333335,0,1,0,1,0,1,0,0,0,1,0,0,0,0,0,0,1,0,1,0
34,0,1,3,4,2,1,2,3294,5,0,17,3,1,1,7,2,2,5,4,0,2,5646.857142857143,0.0,2.6666666666666665,0,1,1,0,1,0,0,0,0,0,0,1,0,0,0,0,0,0,1,0
41,0,5,5,2,4,1,3,2127,2,1,12,3,1,0,7,5,2,4,2,0,3,3646.285714285714,0.0,2.3333333333333335,0,1,1,0,0,0,1,0,0,1,0,0,0,0,0,1,0,0,1,0
40,0,9,4,3,3,2,3,3975,3,0,11,3,3,2,11,2,4,8,7,0,7,4336.363636363636,0.0,3.3333333333333335,0,0,1,0,0,0,0,1,0,1,0,1,0,0,0,0,0,0,0,0
31,0,8,2,1,3,3,4,10793,1,0,18,3,1,1,13,5,3,13,7,9,9,9962.76923076923,0.6923076923076923,2.6666666666666665,0,1,0,1,1,0,0,0,0,1,0,0,0,0,0,0,1,0,0,0
46,1,9,3,1,3,3,4,10096,4,0,11,3,1,1,28,1,4,7,7,4,3,4326.857142857143,0.14285714285714285,3.0,0,1,0,1,0,1,0,0,0,1,0,0,0,0,0,0,1,0,0,0
39,1,2,3,1,2,1,1,3646,2,1,23,4,2,0,11,2,4,1,0,0,0,3977.4545454545455,0.0,2.0,0,0,1,0,1,0,0,0,0,0,0,1,0,0,0,0,0,0,0,1
31,1,1,5,3,4,3,2,7446,1,0,11,3,1,0,10,2,3,10,8,4,7,8935.2,0.4,2.6666666666666665,1,0,1,0,1,0,0,0,0,0,0,0,0,1,0,0,0,0,0,1
45,0,20,3,2,1,3,1,10851,2,1,18,3,2,1,24,2,3,7,7,0,7,5425.5,0.0,2.0,0,1,1,0,0,0,1,0,0,1,0,0,0,0,0,0,0,0,0,0
31,0,8,2,4,4,1,2,2109,9,0,18,3,4,0,8,3,3,3,2,0,2,3163.5,0.0,3.0,0,1,0,0,0,0,1,0,0,0,1,0,0,0,0,0,0,0,0,1
31,1,2,3,2,3,1,4,3722,6,1,13,3,3,1,7,2,1,2,2,2,2,6380.571428571428,0.2857142857142857,2.3333333333333335,1,0,1,0,1,0,0,0,0,1,0,1,0,0,0,0,0,0,1,0
45,0,29,3,2,3,3,4,9380,4,1,18,3,4,2,10,4,4,3,1,1,2,11256.0,0.1,3.3333333333333335,0,1,1,0,0,0,0,0,1,1,0,0,0,1,0,0,0,0,1,0
48,0,7,3,3,3,2,1,5486,4,0,11,3,1,3,15,3,3,2,2,2,2,4388.8,0.13333333333333333,2.3333333333333335,0,1,0,1,0,1,0,0,0,1,0,0,0,0,0,0,1,0,0,0
34,1,9,4,1,3,1,3,2742,1,0,15,3,4,0,2,0,3,2,2,2,2,16452.0,1.0,2.3333333333333335,0,1,0,0,0,0,0,0,1,0,1,0,0,0,0,0,0,0,1,0
40,0,8,1,4,2,3,2,13757,2,0,11,3,3,1,16,5,3,9,8,4,8,10317.75,0.25,3.0,0,0,1,0,0,0,1,0,0,1,0,0,0,0,1,0,0,0,0,0
28,0,5,3,4,3,2,1,8463,0,0,18,3,4,0,6,4,3,5,4,1,3,16926.0,0.16666666666666666,2.6666666666666665,0,1,0,1,0,0,1,0,0,1,0,0,0,0,0,0,1,0,0,1
44,0,5,3,3,2,1,3,3162,3,0,14,3,4,0,7,5,3,5,2,0,3,5420.571428571428,0.0,3.0,0,0,1,0,1,0,0,0,0,1,0,1,0,0,0,0,0,0,0,1
53,0,2,3,4,4,4,2,16598,4,0,12,3,2,0,35,2,2,9,8,8,8,5690.742857142857,0.22857142857142856,2.6666666666666665,0,1,1,0,0,0,1,0,0,1,0,0,0,0,1,0,0,0,0,1
49,0,5,4,1,3,2,3,6651,2,0,14,3,2,1,20,0,2,3,2,1,2,3990.6,0.05,2.0,0,1,1,0,0,0,0,0,1,1,0,0,0,0,0,0,0,0,1,0
40,0,2,3,3,3,1,3,2345,2,0,14,3,3,1,8,3,4,3,1,1,2,3517.5,0.125,3.3333333333333335,0,1,1,0,0,0,1,0,0,1,0,0,0,0,0,1,0,0,0,0
44,0,20,3,4,3,1,2,3420,1,0,13,3,3,0,6,3,2,5,2,1,3,6840.0,0.16666666666666666,2.6666666666666665,0,1,1,0,1,0,0,0,0,1,0,0,0,0,0,1,0,0,0,1
33,0,7,3,4,3,2,1,4373,0,0,14,3,1,2,5,2,3,4,3,0,3,10495.2,0.0,2.6666666666666665,1,0,0,1,0,0,1,0,0,1,0,0,0,0,0,0,1,0,1,0
34,0,3,3,4,1,2,1,4759,3,0,18,3,4,0,15,2,3,13,9,3,12,3807.2,0.2,2.6666666666666665,0,1,0,1,0,0,0,1,0,1,0,0,0,0,0,0,1,0,0,1
30,0,16,1,4,3,2,3,5301,8,0,15,3,3,2,4,2,2,2,1,2,2,15903.0,0.5,3.0,0,1,0,1,1,0,0,0,0,1,0,0,0,0,0,0,1,0,1,0
42,0,9,2,1,3,1,4,3673,1,0,13,3,3,0,12,3,3,12,9,5,8,3673.0,0.4166666666666667,2.6666666666666665,1,0,1,0,0,0,1,0,0,0,0,1,0,0,0,0,0,0,0,1
44,0,1,5,1,3,2,3,4768,7,0,12,3,3,1,11,4,2,1,0,0,0,5201.454545454545,0.0,2.0,1,0,0,1,0,1,0,0,0,0,0,0,0,0,0,0,1,0,1,0
30,0,7,3,3,3,1,3,1274,1,0,13,3,2,2,1,2,2,1,0,0,0,15288.0,0.0,2.6666666666666665,0,0,1,0,0,0,0,0,1,1,0,0,0,0,0,1,0,0,0,0
57,0,1,2,2,4,2,3,4900,0,0,24,4,1,1,13,2,2,12,9,2,8,4523.076923076923,0.15384615384615385,2.3333333333333335,0,1,1,0,1,0,0,0,0,1,0,0,0,0,0,1,0,0,1,0
49,0,7,4,3,3,3,2,10466,3,0,14,3,2,2,29,3,3,8,7,0,7,4330.758620689655,0.0,2.6666666666666665,0,1,1,0,1,0,0,0,0,1,0,0,0,0,0,0,0,0,0,0
34,0,15,3,2,3,4,1,17007,7,0,14,3,4,2,16,3,2,14,8,6,9,12755.25,0.375,1.6666666666666667,1,0,1,0,0,0,1,0,0,1,0,0,0,0,1,0,0,0,0,0
28,1,1,3,1,3,1,3,2909,3,0,15,3,4,1,5,3,4,3,2,1,2,6981.6,0.2,2.6666666666666665,1,0,0,1,0,0,0,0,1,1,0,0,0,0,0,0,0,1,1,0
29,1,13,3,1,3,2,2,5765,5,0,11,3,1,0,7,4,1,5,3,0,0,9882.857142857143,0.0,1.3333333333333333,1,0,0,1,0,0,0,0,1,0,0,0,0,0,0,0,1,0,0,1
34,1,24,4,1,2,2,2,4599,0,1,23,4,3,0,16,2,4,15,9,10,10,3449.25,0.625,2.3333333333333335,0,1,0,1,0,0,1,0,0,0,0,0,0,0,0,0,1,0,0,1
35,0,7,1,4,3,1,3,2404,1,0,13,3,1,1,1,3,3,1,0,0,0,28848.0,0.0,3.3333333333333335,0,1,0,1,1,0,0,0,0,1,0,0,0,0,0,0,0,1,1,0
24,1,9,3,2,3,1,1,3172,2,1,11,3,3,0,4,2,2,0,0,0,0,9516.0,0.0,1.6666666666666667,1,0,1,0,0,0,1,0,0,1,0,1,0,0,0,0,0,0,0,1
24,0,13,2,4,3,1,2,2033,1,0,13,3,3,1,1,2,3,1,0,0,0,24396.0,0.0,3.0,0,0,0,1,1,0,0,0,0,0,0,0,0,0,0,0,0,1,1,0
44,0,2,1,2,3,3,3,10209,5,1,18,3,2,0,16,2,2,2,2,2,2,7656.75,0.125,2.3333333333333335,1,0,1,0,0,0,1,0,0,1,0,0,0,1,0,0,0,0,0,1
29,0,19,3,3,2,2,3,8620,1,0,14,3,3,2,10,3,3,10,7,0,4,10344.0,0.0,3.0,0,1,0,1,1,0,0,0,0,1,0,0,0,0,0,0,1,0,0,0
30,0,1,3,3,3,1,3,2064,0,0,21,4,1,1,6,3,4,5,3,1,3,4128.0,0.16666666666666666,3.3333333333333335,0,1,0,0,1,0,0,0,0,1,1,0,0,0,0,0,0,0,0,0
55,0,4,4,4,3,2,3,4035,0,1,16,3,2,0,4,2,3,3,2,1,2,12105.0,0.25,3.3333333333333335,0,1,1,0,1,0,0,0,0,1,0,0,0,0,0,0,0,0,1,0
33,0,4,4,1,2,1,2,3838,8,0,11,3,4,0,8,5,3,5,4,0,2,5757.0,0.0,2.0,0,1,1,0,0,0,1,0,0,0,0,1,0,0,0,0,0,0,1,0
47,0,14,3,3,3,2,3,4591,3,1,17,3,3,1,11,4,2,5,4,1,2,5008.363636363636,0.09090909090909091,2.6666666666666665,0,1,0,1,0,0,1,0,0,0,0,0,0,0,0,0,1,0,1,0
28,1,2,2,3,2,1,1,2561,7,0,11,3,3,0,8,2,2,0,0,0,0,3841.5,0.0,2.0,1,0,1,0,0,0,1,0,0,1,0,1,0,0,0,0,0,0,0,1
28,0,1,3,1,2,1,3,1563,1,0,14,3,4,1,1,2,1,1,0,0,0,18756.0,0.0,1.6666666666666667,0,1,1,0,1,0,0,0,0,1,0,0,0,0,0,1,0,0,0,0
28,0,7,3,3,3,2,1,4898,0,0,14,3,4,0,5,5,3,4,2,1,3,11755.2,0.2,2.3333333333333335,1,0,0,1,1,0,0,0,0,1,0,0,0,0,0,0,1,0,0,1
49,0,3,2,3,2,2,1,4789,4,0,25,4,1,1,10,3,3,3,2,1,2,5746.8,0.1,2.3333333333333335,0,1,1,0,0,0,1,0,0,0,0,1,0,0,0,0,0,0,1,0
29,0,2,1,4,3,1,2,3180,0,0,13,3,3,3,4,3,3,3,2,0,2,9540.0,0.0,3.0,1,0,1,0,1,0,0,0,0,0,0,1,0,0,0,0,0,0,1,0
28,0,29,1,3,1,2,2,6549,1,0,14,3,2,2,8,2,2,8,6,1,7,9823.5,0.125,2.3333333333333335,0,1,1,0,1,0,0,0,0,1,0,0,0,1,0,0,0,0,1,0
33,0,8,5,4,3,2,3,6388,2,1,17,3,1,0,14,6,3,0,0,0,0,5475.428571428572,0.0,3.3333333333333335,0,1,1,0,1,0,0,0,0,1,0,0,0,0,0,0,0,0,0,1
32,0,10,3,3,3,3,4,11244,2,0,25,4,2,0,10,5,4,5,2,0,0,13492.8,0.0,3.6666666666666665,0,1,1,0,0,0,1,0,0,1,0,0,1,0,0,0,0,0,0,1
54,0,11,4,2,3,4,4,16032,3,0,20,4,1,1,26,2,3,14,9,1,12,7399.384615384615,0.038461538461538464,3.0,1,0,1,0,0,0,1,0,0,0,0,0,1,0,0,0,0,0,0,0
29,1,1,4,1,2,1,1,2362,6,0,13,3,3,0,11,2,1,9,7,0,7,2576.7272727272725,0.0,1.0,0,1,1,0,0,0,0,0,1,1,0,0,0,0,0,1,0,0,0,1
44,0,28,3,4,3,4,1,16328,3,0,13,3,3,1,24,1,4,20,6,14,17,8164.0,0.5833333333333334,3.0,0,1,1,0,1,0,0,0,0,1,0,0,0,0,1,0,0,0,1,0
39,0,6,3,2,3,3,2,8376,4,0,18,3,4,0,9,3,3,2,0,2,2,11168.0,0.2222222222222222,2.3333333333333335,0,1,1,0,1,0,0,0,0,0,0,0,0,1,0,0,0,0,0,1
46,0,3,3,3,3,4,2,16606,8,0,12,3,4,1,23,2,4,13,12,5,1,8664.0,0.21739130434782608,3.0,0,1,0,1,1,0,0,0,0,0,0,0,1,0,0,0,0,0,1,0
35,0,16,3,4,2,3,2,8606,1,0,19,3,4,0,11,3,1,11,8,3,3,9388.363636363636,0.2727272727272727,2.3333333333333335,0,1,1,0,1,0,0,0,0,0,0,0,0,0,0,0,0,0,0,1
23,0,20,1,1,3,2,3,2272,0,0,14,3,2,0,5,2,3,4,3,1,2,5452.8,0.2,2.3333333333333335,0,1,1,0,1,0,0,0,0,1,0,1,0,0,0,0,0,0,0,1
40,1,9,4,4,3,1,1,2018,3,0,14,3,2,0,15,3,1,5,4,1,0,1614.4,0.06666666666666667,2.0,0,1,1,0,1,0,0,0,0,1,0,1,0,0,0,0,0,0,0,1
34,0,1,3,4,2,3,3,7083,1,1,14,3,4,0,10,3,3,10,9,8,6,8499.6,0.8,3.3333333333333335,0,1,0,1,0,0,0,0,1,1,0,0,0,0,0,0,1,0,1,0
31,1,3,3,4,3,1,3,4084,1,0,12,3,1,0,7,2,1,7,2,7,7,7001.142857142857,1.0,2.6666666666666665,1,0,1,0,1,0,0,0,0,0,0,0,0,0,0,1,0,0,0,1
50,0,22,5,3,1,4,4,14411,1,1,13,3,4,0,32,2,3,32,6,13,9,5404.125,0.40625,3.3333333333333335,1,0,1,0,0,0,1,0,0,1,0,0,0,0,1,0,0,0,0,1
34,0,7,2,2,3,1,3,2308,0,1,25,4,2,1,12,4,3,11,10,5,7,2308.0,0.4166666666666667,2.6666666666666665,0,1,0,1,0,0,0,0,1,1,0,0,0,0,0,0,0,1,1,0
42,0,2,3,3,2,1,2,4841,4,0,14,3,2,1,4,3,3,1,0,0,0,14523.0,0.0,2.6666666666666665,0,1,1,0,0,0,1,0,0,1,0,1,0,0,0,0,0,0,1,0
37,0,13,3,1,3,2,4,4285,1,0,17,3,1,0,10,2,3,10,8,3,7,5142.0,0.3,2.6666666666666665,0,1,1,0,0,0,1,0,0,1,0,0,0,0,0,1,0,0,1,0
29,0,8,1,3,1,2,1,9715,3,0,13,3,3,1,9,3,3,7,7,0,7,12953.333333333334,0.0,2.3333333333333335,0,1,1,0,0,0,0,1,0,0,0,0,0,0,0,0,0,0,1,0
33,0,25,3,4,2,2,2,4320,1,0,13,3,4,0,5,2,3,5,3,0,2,10368.0,0.0,3.0,0,1,1,0,1,0,0,0,0,1,0,0,0,1,0,0,0,0,0,1
45,0,28,3,4,3,1,4,2132,4,0,20,4,4,1,8,3,3,5,4,0,3,3198.0,0.0,3.6666666666666665,0,1,1,0,0,0,0,0,1,1,0,0,0,0,0,1,0,0,1,0
42,0,2,3,4,3,3,4,10124,2,1,14,3,3,1,24,3,1,20,8,13,9,5062.0,0.5416666666666666,3.0,1,0,1,0,1,0,0,0,0,1,0,0,0,0,0,0,0,0,1,0
40,0,9,2,1,3,2,1,5473,0,0,12,3,4,0,9,5,4,8,4,7,1,7297.333333333333,0.7777777777777778,2.0,0,1,0,1,0,0,1,0,0,1,0,0,0,0,0,0,1,0,1,0
33,0,28,4,2,3,2,3,5207,1,1,12,3,2,1,15,3,3,15,14,5,7,4165.6,0.3333333333333333,2.6666666666666665,0,1,1,0,1,0,0,0,0,1,0,1,0,0,0,0,0,0,1,0
40,0,6,2,3,3,4,4,16437,1,1,21,4,4,0,21,2,3,21,7,7,7,9392.57142857143,0.3333333333333333,3.3333333333333335,0,1,0,0,0,0,1,0,0,1,0,0,1,0,0,0,0,0,0,1
24,0,21,2,3,2,1,1,2296,0,0,14,3,2,3,2,3,3,1,1,0,0,13776.0,0.0,2.3333333333333335,0,1,1,0,0,0,0,0,1,1,0,1,0,0,0,0,0,0,0,0
40,0,8,2,4,3,2,4,4069,3,1,18,3,3,0,8,2,3,2,2,2,2,6103.5,0.25,3.6666666666666665,0,0,1,0,1,0,0,0,0,1,0,0,0,0,0,0,0,0,0,0
45,0,1,4,1,3,3,2,7441,1,0,12,3,1,3,10,4,3,10,8,7,7,8929.2,0.7,2.0,0,1,1,0,0,0,0,0,1,1,0,0,0,0,0,0,0,0,0,0
35,0,28,4,2,2,1,3,2430,0,0,23,4,1,2,6,5,3,5,3,4,2,4860.0,0.6666666666666666,2.6666666666666665,0,1,0,1,1,0,0,0,0,0,0,0,0,0,0,0,0,1,1,0
32,0,5,2,4,2,2,2,5878,3,0,12,3,1,1,12,2,3,7,1,2,5,5878.0,0.16666666666666666,3.0,0,1,1,0,1,0,0,0,0,0,0,0,0,0,0,1,0,0,1,0
36,0,2,4,3,3,1,4,2644,3,1,21,4,4,0,7,3,2,3,2,1,2,4532.571428571428,0.14285714285714285,3.0,0,1,0,1,1,0,0,0,0,1,0,0,0,0,0,0,0,1,0,1
48,0,16,4,3,3,2,3,6439,8,0,14,3,3,1,18,2,3,8,7,7,7,4292.666666666667,0.3888888888888889,3.0,0,1,0,1,1,0,0,0,0,0,0,0,0,0,0,0,1,0,0,0
29,0,9,3,3,4,1,3,2451,6,0,18,3,1,2,5,2,2,1,0,0,0,5882.4,0.0,2.6666666666666665,0,1,1,0,1,0,0,0,0,1,0,0,0,0,0,1,0,0,1,0
33,0,8,4,1,3,2,1,6392,2,0,13,3,4,1,8,6,1,2,2,2,2,9588.0,0.25,1.0,0,1,0,1,1,0,0,0,0,1,0,0,0,0,0,0,1,0,1,0
30,1,1,3,2,2,2,1,9714,1,0,11,3,4,1,10,4,3,10,8,6,7,11656.8,0.6,2.0,0,1,0,1,1,0,0,0,0,1,0,0,0,0,0,0,1,0,1,0
38,0,10,4,3,3,2,3,6077,3,0,11,3,3,0,10,2,3,6,3,1,2,7292.4,0.1,3.0,1,0,0,0,0,0,0,0,0,1,1,0,0,0,0,0,0,0,1,0
35,0,1,3,4,2,1,1,2450,1,0,19,3,2,0,3,3,3,3,0,1,2,9800.0,0.3333333333333333,2.6666666666666665,0,1,1,0,0,0,1,0,0,1,0,1,0,0,0,0,0,0,0,1
30,0,29,4,3,3,3,2,9250,3,0,12,3,2,1,9,3,3,4,2,1,3,12333.333333333334,0.1111111111111111,2.6666666666666665,0,1,0,1,0,0,0,0,1,1,0,0,0,0,0,0,1,0,1,0
35,1,2,3,1,3,1,1,2074,1,1,12,3,4,1,1,2,3,1,0,0,0,24888.0,0.0,1.6666666666666667,0,1,1,0,1,0,0,0,0,0,0,1,0,0,0,0,0,0,0,0
53,1,2,5,3,2,3,4,10169,0,0,16,3,2,1,34,4,3,33,7,1,9,3589.0588235294117,0.029411764705882353,3.3333333333333335,0,1,1,0,0,0,0,0,1,0,0,0,0,1,0,0,0,0,1,0
38,1,2,3,3,3,2,2,4855,4,0,11,3,1,2,7,2,3,5,2,1,4,8322.857142857143,0.14285714285714285,2.6666666666666665,0,1,1,0,0,0,1,0,0,1,0,0,0,1,0,0,0,0,1,0
32,0,1,4,4,3,2,1,4087,4,0,14,3,2,1,9,3,2,6,5,1,2,5449.333333333333,0.1111111111111111,2.3333333333333335,0,0,1,0,0,0,0,0,1,1,0,0,0,0,0,1,0,0,1,0
48,0,15,4,3,3,1,1,2367,8,0,12,3,4,1,10,3,2,8,2,7,6,2840.4,0.7,2.0,0,1,1,0,0,0,0,1,0,0,0,0,0,0,0,1,0,0,1,0
34,0,7,4,1,3,1,4,2972,1,0,13,3,3,0,1,4,1,1,0,0,0,35664.0,0.0,2.0,0,1,1,0,0,0,1,0,0,1,0,0,0,0,0,1,0,0,0,1
55,0,26,5,3,2,5,4,19586,1,0,21,4,3,1,36,3,3,36,6,2,13,6528.666666666667,0.05555555555555555,3.3333333333333335,0,1,0,1,0,1,0,0,0,1,0,0,1,0,0,0,0,0,1,0
34,0,1,4,2,3,2,4,5484,9,0,17,3,2,1,9,3,2,2,2,2,1,7312.0,0.2222222222222222,2.6666666666666665,0,1,1,0,1,0,0,0,0,1,0,0,0,0,0,1,0,0,1,0
26,0,3,3,1,3,1,4,2061,1,0,21,4,1,0,1,5,3,1,0,0,0,24732.0,0.0,2.6666666666666665,0,1,1,0,1,0,0,0,0,0,0,0,0,0,0,1,0,0,1,0
38,0,14,3,3,3,2,2,9924,0,0,11,3,4,1,10,3,3,9,8,7,7,11908.8,0.7,2.6666666666666665,0,1,0,1,1,0,0,0,0,1,0,0,0,0,0,0,1,0,1,0
38,0,16,3,2,3,2,2,4198,2,0,12,3,2,0,8,5,4,3,2,1,2,6297.0,0.125,2.6666666666666665,0,1,0,1,1,0,0,0,0,0,0,0,0,0,0,0,1,0,0,1
36,0,1,4,2,3,2,3,6815,6,0,13,3,1,0,15,5,3,1,0,0,0,5452.0,0.0,2.6666666666666665,0,1,0,1,1,0,0,0,0,0,0,0,0,0,0,0,1,0,0,1
29,0,3,1,2,3,1,1,4723,1,1,18,3,4,0,10,3,3,10,9,1,5,5667.6,0.1,2.0,0,1,1,0,0,0,1,0,0,1,0,1,0,0,0,0,0,0,0,1
35,0,10,4,1,3,2,3,6142,3,1,16,3,3,0,10,4,3,5,2,0,4,7370.4,0.0,2.3333333333333335,0,1,1,0,0,0,1,0,0,0,0,0,0,0,0,0,0,0,0,1
39,0,6,3,4,4,3,3,8237,2,0,11,3,1,1,11,3,3,7,6,7,6,8985.818181818182,0.6363636363636364,3.3333333333333335,0,1,0,1,0,0,1,0,0,1,0,0,0,0,0,0,1,0,1,0
29,0,2,1,1,3,2,4,8853,1,0,19,3,4,1,6,0,4,6,4,1,3,17706.0,0.16666666666666666,3.0,1,0,1,0,1,0,0,0,0,1,0,0,0,0,0,0,0,0,0,0
50,0,9,3,3,3,5,3,19331,4,1,16,3,3,1,27,2,3,1,0,0,0,8591.555555555555,0.0,3.0,0,1,0,1,0,1,0,0,0,1,0,0,1,0,0,0,0,0,1,0
23,0,10,3,4,4,1,3,2073,2,0,16,3,4,1,4,2,3,2,2,2,2,6219.0,0.5,3.3333333333333335,0,1,1,0,0,0,0,0,1,1,0,0,0,0,0,1,0,0,1,0
36,0,6,4,1,4,2,1,5562,3,1,13,3,4,1,9,3,3,3,2,0,2,7416.0,0.0,1.6666666666666667,1,0,1,0,1,0,0,0,0,1,0,1,0,0,0,0,0,0,1,0
42,0,9,2,4,2,5,4,19613,8,0,22,4,4,0,24,2,3,1,0,0,1,9806.5,0.0,3.6666666666666665,0,1,1,0,0,0,0,1,0,1,0,0,1,0,0,0,0,0,0,1
35,0,28,3,2,4,2,3,3407,1,0,17,3,4,2,10,3,2,10,9,6,8,4088.4,0.6,2.3333333333333335,0,1,1,0,1,0,0,0,0,1,0,1,0,0,0,0,0,0,1,0
34,0,10,4,4,2,2,3,5063,1,0,14,3,2,1,8,3,2,8,2,7,7,7594.5,0.875,3.0,1,0,1,0,0,0,0,0,1,1,0,0,0,0,0,0,0,0,1,0
40,0,14,2,4,3,2,1,4639,1,0,15,3,3,1,5,2,3,5,4,1,2,11133.6,0.2,2.6666666666666665,0,1,0,1,1,0,0,0,0,0,0,0,0,0,0,0,1,0,1,0
43,0,27,3,4,4,1,2,4876,5,0,12,3,3,1,8,0,3,6,4,0,2,7314.0,0.0,3.0,0,1,1,0,0,0,0,0,1,1,0,1,0,0,0,0,0,0,0,0
35,0,7,2,3,2,1,4,2690,1,0,18,3,4,1,1,5,2,1,0,0,1,32280.0,0.0,3.0,0,1,1,0,1,0,0,0,0,1,0,1,0,0,0,0,0,0,1,0
46,0,1,4,4,4,4,1,17567,1,0,15,3,2,0,27,5,1,26,0,0,12,7807.555555555556,0.0,2.0,0,1,0,1,1,0,0,0,0,1,0,0,1,0,0,0,0,0,0,1
28,1,24,3,3,3,1,2,2408,1,1,17,3,3,3,1,3,3,1,1,0,0,28896.0,0.0,2.6666666666666665,0,1,1,0,0,0,1,0,0,1,0,1,0,0,0,0,0,0,1,0
22,0,26,2,2,2,1,3,2814,1,1,14,3,2,0,4,2,2,4,2,1,3,8442.0,0.25,2.3333333333333335,0,0,1,0,0,0,0,1,0,0,0,0,0,0,0,1,0,0,1,0
50,0,20,5,2,3,4,3,11245,2,1,15,3,3,1,32,3,3,30,8,12,13,4216.875,0.375,2.6666666666666665,1,0,1,0,0,0,1,0,0,1,0,0,0,0,0,0,0,0,1,0
32,0,5,4,2,4,1,4,3312,3,0,17,3,4,2,6,3,3,3,2,0,2,6624.0,0.0,3.0,0,1,1,0,0,0,0,1,0,0,0,0,0,0,0,1,0,0,1,0
44,0,7,3,2,3,5,4,19049,0,1,14,3,4,1,23,4,2,22,7,1,10,9938.608695652174,0.043478260869565216,2.6666666666666665,0,1,1,0,0,0,1,0,0,0,0,0,0,0,1,0,0,0,0,0
30,0,7,3,2,2,1,2,2141,1,0,12,3,2,1,6,3,2,6,4,1,1,4282.0,0.16666666666666666,2.0,0,1,1,0,0,0,1,0,0,1,0,0,0,0,0,1,0,0,1,0
45,0,5,5,3,1,2,1,5769,1,1,14,3,1,0,10,3,3,10,7,1,4,6922.8,0.1,2.3333333333333335,0,1,1,0,0,0,1,0,0,0,0,1,0,0,0,0,0,0,0,1
45,0,26,3,1,2,2,1,4385,1,0,15,3,1,1,10,2,3,10,7,4,5,5262.0,0.4,1.6666666666666667,0,0,0,1,0,1,0,0,0,1,0,0,0,0,0,0,1,0,1,0
31,0,2,4,4,3,2,1,5332,7,0,13,3,4,0,10,3,3,5,2,0,3,6398.4,0.0,2.6666666666666665,1,0,0,1,0,0,0,1,0,1,0,0,0,0,0,0,1,0,0,1
36,0,12,4,3,3,2,3,4663,9,1,12,3,2,2,7,2,3,3,2,1,1,7993.714285714285,0.14285714285714285,3.0,0,1,1,0,1,0,0,0,0,0,0,0,0,1,0,0,0,0,1,0
34,0,10,4,3,4,2,4,4724,1,0,13,3,1,1,9,3,3,9,7,7,2,6298.666666666667,0.7777777777777778,3.3333333333333335,1,0,1,0,1,0,0,0,0,1,0,0,0,1,0,0,0,0,0,0
49,0,25,4,3,3,1,1,3211,1,0,14,3,4,1,10,3,2,9,6,1,4,3853.2,0.1,2.0,0,1,1,0,1,0,0,0,0,0,0,1,0,0,0,0,0,0,1,0
39,0,10,5,2,3,2,1,5377,2,0,13,3,4,3,10,3,3,7,7,7,7,6452.4,0.7,2.0,0,1,1,0,0,0,1,0,0,1,0,0,0,1,0,0,0,0,1,0
27,0,19,3,4,2,1,1,4066,1,0,11,3,1,2,7,3,3,7,7,0,7,6970.285714285715,0.0,2.6666666666666665,0,1,1,0,0,0,0,1,0,1,0,1,0,0,0,0,0,0,0,0
35,0,18,5,2,4,2,1,5208,1,0,11,3,4,0,16,2,3,16,15,1,10,3906.0,0.0625,2.0,0,1,1,0,1,0,0,0,0,1,0,0,0,0,0,1,0,0,1,0
28,0,27,3,2,1,2,1,4877,0,0,21,4,2,1,6,5,2,5,3,0,0,9754.0,0.0,1.6666666666666667,0,1,1,0,0,0,1,0,0,0,0,0,0,1,0,0,0,0,0,0
21,0,5,1,3,3,1,4,3117,1,0,18,3,3,0,3,2,3,2,2,2,2,12468.0,0.6666666666666666,3.3333333333333335,0,1,1,0,0,0,1,0,0,1,0,0,0,0,0,1,0,0,0,1
18,1,3,2,2,3,1,4,1569,1,1,12,3,3,0,0,2,4,0,0,0,0,18828.0,0.0,3.3333333333333335,1,0,0,1,0,0,1,0,0,0,0,0,0,0,0,0,0,1,0,1
47,0,26,4,4,3,5,3,19658,3,0,11,3,3,1,27,2,3,5,2,1,0,8736.888888888889,0.037037037037037035,3.3333333333333335,0,1,0,0,1,0,0,0,0,0,0,0,1,0,0,0,0,0,1,0
39,0,3,2,3,2,2,3,3069,0,0,15,3,4,1,11,3,3,10,8,0,7,3348.0,0.0,3.0,0,1,1,0,0,0,1,0,0,1,0,1,0,0,0,0,0,0,0,0
40,0,15,3,1,2,3,3,10435,1,0,13,3,4,2,18,2,3,18,15,14,12,6956.666666666667,0.7777777777777778,2.3333333333333335,0,1,1,0,1,0,0,0,0,0,0,0,0,1,0,0,0,0,1,0
35,0,8,4,3,3,2,3,4148,1,0,12,3,4,1,15,5,3,14,11,2,9,3318.4,0.13333333333333333,3.0,0,0,1,0,1,0,0,0,0,0,0,0,0,0,0,0,0,0,1,0
37,0,19,3,3,3,2,3,5768,3,0,17,3,1,3,9,2,2,4,3,0,2,7690.666666666667,0.0,2.6666666666666665,0,1,1,0,1,0,0,0,0,1,0,0,0,1,0,0,0,0,1,0
39,0,4,3,1,3,2,3,5042,0,0,13,3,4,0,10,2,1,9,2,3,8,6050.4,0.3,1.6666666666666667,1,0,1,0,0,0,1,0,0,0,0,0,0,1,0,0,0,0,0,1
45,0,2,2,4,2,2,4,5770,1,0,19,3,1,2,10,3,3,10,7,3,9,6924.0,0.3,3.6666666666666665,0,1,1,0,0,0,0,1,0,0,0,0,0,1,0,0,0,0,0,0
38,0,2,2,4,2,3,3,7756,3,1,19,3,4,1,10,6,4,5,4,0,2,9307.2,0.0,3.6666666666666665,0,1,1,0,0,0,1,0,0,0,0,0,0,1,0,0,0,0,1,0
35,1,10,3,4,2,3,1,10306,9,0,17,3,3,0,15,3,3,13,12,6,0,8244.8,0.4,2.6666666666666665,0,1,0,1,0,0,1,0,0,1,0,0,0,0,0,0,1,0,1,0
37,0,10,3,2,3,1,2,3936,1,0,11,3,1,1,8,2,1,8,4,7,7,5904.0,0.875,1.6666666666666667,0,1,1,0,0,0,1,0,0,0,0,0,0,0,0,1,0,0,1,0
40,0,16,3,3,3,3,4,7945,6,1,15,3,4,0,18,2,2,4,2,3,3,5296.666666666667,0.16666666666666666,3.0,0,1,1,0,1,0,0,0,0,0,0,0,0,1,0,0,0,0,0,1
44,0,1,5,1,3,2,4,5743,4,1,11,3,3,0,14,3,3,10,7,0,2,4922.571428571428,0.0,2.6666666666666665,1,0,0,0,0,0,0,0,0,1,1,0,0,0,0,0,0,0,1,0
48,0,4,5,3,2,4,4,15202,2,0,25,4,2,1,23,3,3,2,2,2,2,7931.478260869565,0.08695652173913043,3.3333333333333335,1,0,1,0,0,0,1,0,0,1,0,0,1,0,0,0,0,0,1,0
35,1,15,2,1,1,2,4,5440,6,1,14,3,4,2,7,2,2,2,2,2,2,9325.714285714286,0.2857142857142857,2.3333333333333335,0,1,0,1,0,0,1,0,0,1,0,0,0,0,0,0,1,0,0,0
24,0,2,1,1,3,1,4,3760,1,1,13,3,3,0,6,2,3,6,3,1,3,7520.0,0.16666666666666666,2.6666666666666665,1,0,1,0,0,0,0,0,1,0,0,0,0,0,0,1,0,0,0,1
27,0,8,3,2,4,1,3,3517,7,0,17,3,1,0,5,0,3,3,2,0,2,8440.8,0.0,2.6666666666666665,0,1,1,0,0,0,1,0,0,0,0,0,0,0,0,1,0,0,1,0
27,0,2,3,4,3,1,4,2580,2,0,13,3,3,0,6,0,2,4,2,1,2,5160.0,0.16666666666666666,3.3333333333333335,1,0,1,0,0,0,1,0,0,1,0,0,0,0,0,1,0,0,0,1
40,1,7,3,1,3,1,1,2166,3,1,14,3,2,0,10,3,1,4,2,0,3,2599.2,0.0,1.0,0,1,1,0,1,0,0,0,0,1,0,1,0,0,0,0,0,0,0,1
29,0,10,3,3,2,2,3,5869,9,0,11,3,3,0,8,2,3,5,2,1,4,8803.5,0.125,3.0,0,1,0,1,0,0,1,0,0,1,0,0,0,0,0,0,1,0,0,1
36,0,5,4,2,3,3,1,8008,4,0,12,3,3,2,9,6,3,3,2,0,2,10677.333333333334,0.0,2.0,0,1,1,0,1,0,0,0,0,0,0,0,0,0,0,0,0,0,1,0
25,0,2,1,4,4,2,3,5206,1,0,17,3,3,2,7,6,3,7,7,0,7,8924.57142857143,0.0,3.3333333333333335,1,0,1,0,1,0,0,0,0,1,0,0,0,1,0,0,0,0,0,0
39,0,12,3,4,3,2,2,5295,4,0,21,4,3,0,7,3,3,5,4,1,0,9077.142857142857,0.14285714285714285,3.0,0,1,1,0,0,0,1,0,0,1,0,0,0,1,0,0,0,0,1,0
49,0,22,4,1,3,4,2,16413,3,0,16,3,2,2,27,2,3,4,2,1,2,7294.666666666667,0.037037037037037035,2.0,0,1,1,0,0,0,0,1,0,0,0,0,0,0,1,0,0,0,1,0
50,0,17,5,4,2,3,1,13269,5,0,15,3,3,3,19,3,3,14,11,1,11,8380.421052631578,0.05263157894736842,2.6666666666666665,0,1,1,0,1,0,0,0,0,0,0,0,0,0,1,0,0,0,0,0
20,0,2,3,3,3,1,3,2783,1,0,19,3,1,0,2,3,3,2,2,2,2,16698.0,1.0,3.0,0,1,0,1,0,0,1,0,0,0,0,0,0,0,0,0,0,1,0,1
34,0,3,3,4,3,2,2,5433,1,0,12,3,3,1,11,2,3,11,8,7,9,5926.909090909091,0.6363636363636364,3.0,0,1,1,0,1,0,0,0,0,0,0,0,0,0,0,1,0,0,0,0
36,0,7,3,1,3,1,2,2013,2,0,11,3,3,0,15,4,3,4,3,1,3,1610.4,0.06666666666666667,2.0,0,1,1,0,1,0,0,0,0,1,0,1,0,0,0,0,0,0,0,1
49,0,6,1,3,2,4,3,13966,2,1,19,3,2,1,30,3,3,15,11,2,12,5586.4,0.06666666666666667,3.0,0,1,1,0,1,0,0,0,0,0,0,0,0,0,0,0,0,0,1,0
36,0,1,4,4,2,2,3,4374,0,0,15,3,3,0,4,6,3,3,2,1,2,13122.0,0.25,3.3333333333333335,0,0,1,0,0,0,1,0,0,0,0,0,0,1,0,0,0,0,1,0
36,0,3,2,4,4,2,1,6842,6,0,20,4,1,1,13,3,3,5,4,0,4,6315.692307692308,0.0,2.6666666666666665,0,1,1,0,1,0,0,0,0,1,0,0,0,0,0,0,0,0,0,0
54,0,22,5,2,3,4,3,17426,3,0,25,4,3,1,36,6,3,10,8,4,7,5808.666666666667,0.1111111111111111,2.6666666666666665,0,1,1,0,0,0,1,0,0,0,0,0,1,0,0,0,0,0,1,0
43,0,15,2,3,2,4,3,17603,1,0,24,4,1,1,14,3,3,14,10,6,11,15088.285714285714,0.42857142857142855,3.0,0,1,1,0,1,0,0,0,0,1,0,0,0,0,1,0,0,0,1,0
35,1,12,4,4,3,2,4,4581,3,1,24,4,1,0,13,2,4,11,9,6,7,4228.615384615385,0.46153846153846156,4.0,1,0,0,1,0,0,0,1,0,1,0,0,0,0,0,0,1,0,0,1
38,0,1,3,4,3,2,4,4735,7,0,15,3,4,2,19,4,4,13,11,2,9,2990.5263157894738,0.10526315789473684,4.0,1,0,1,0,1,0,0,0,0,1,0,0,0,0,0,1,0,0,1,0
29,0,5,3,1,2,2,2,4187,1,1,13,3,2,1,10,3,2,10,0,0,9,5024.4,0.0,1.6666666666666667,0,1,0,1,0,0,1,0,0,1,0,0,0,0,0,0,1,0,0,0
33,0,2,4,4,3,2,4,5505,1,0,14,3,3,2,6,5,3,6,2,0,4,11010.0,0.0,3.6666666666666665,0,1,0,1,0,0,1,0,0,1,0,0,0,0,0,0,1,0,0,0
32,0,2,3,4,3,2,2,5470,0,0,13,3,3,2,10,4,2,9,5,1,6,6564.0,0.1,2.6666666666666665,0,1,1,0,0,0,1,0,0,1,0,0,0,0,0,1,0,0,0,0
31,0,5,4,1,3,2,4,5476,1,0,11,3,1,2,10,2,3,10,0,0,2,6571.2,0.0,2.6666666666666665,0,1,0,1,1,0,0,0,0,0,0,0,0,0,0,0,1,0,1,0
49,0,16,3,4,3,1,1,2587,4,1,16,3,2,1,17,2,2,2,2,2,2,1826.1176470588234,0.11764705882352941,2.3333333333333335,0,1,1,0,0,0,1,0,0,0,0,1,0,0,0,0,0,0,0,0
38,0,2,3,4,2,1,2,2440,1,0,22,4,2,0,4,3,3,4,3,3,3,7320.0,0.75,3.0,1,0,1,0,0,0,1,0,0,0,0,1,0,0,0,0,0,0,0,1
47,0,2,4,2,4,4,2,15972,6,0,14,3,3,3,29,2,3,3,2,1,2,6609.103448275862,0.034482758620689655,2.3333333333333335,0,1,0,1,1,0,0,0,0,0,0,0,1,0,0,0,0,0,0,0
49,0,1,3,3,3,4,3,15379,4,0,14,3,1,0,23,2,3,8,7,0,0,8023.826086956522,0.0,3.0,0,1,1,0,1,0,0,0,0,1,0,0,1,0,0,0,0,0,0,1
41,0,23,2,4,3,3,3,7082,3,1,16,3,4,0,21,2,3,2,0,0,2,4046.8571428571427,0.0,3.3333333333333335,0,1,0,1,1,0,0,0,0,1,0,0,0,0,0,0,1,0,0,1
20,0,9,1,4,3,1,1,2728,1,0,11,3,1,0,2,3,3,2,2,0,2,16368.0,0.0,2.6666666666666665,0,1,0,1,1,0,0,0,0,1,0,0,0,0,0,0,0,1,0,1
33,0,16,3,3,3,2,4,5368,1,1,25,4,3,1,7,2,3,6,5,1,2,9202.285714285714,0.14285714285714285,3.3333333333333335,0,0,0,1,1,0,0,0,0,0,0,0,0,0,0,0,1,0,0,0
36,0,26,4,1,3,2,3,5347,6,0,14,3,2,2,10,2,2,3,2,0,2,6416.4,0.0,2.0,0,1,1,0,1,0,0,0,0,1,0,0,0,0,0,0,0,0,1,0
44,0,1,3,3,3,1,4,3195,4,1,18,3,1,3,8,2,3,2,2,2,2,4792.5,0.25,3.3333333333333335,0,1,0,0,1,0,0,0,0,0,1,0,0,0,0,0,0,0,0,0
23,1,8,1,4,2,1,3,3989,1,1,11,3,1,0,5,2,3,5,4,1,2,9573.6,0.2,3.3333333333333335,0,1,1,0,0,0,1,0,0,1,0,1,0,0,0,0,0,0,0,1
38,0,4,2,4,3,1,3,3306,7,0,19,3,4,1,7,5,2,0,0,0,0,5667.428571428572,0.0,3.0,0,1,1,0,0,0,1,0,0,0,0,1,0,0,0,0,0,0,1,0
53,0,24,4,2,4,3,4,7005,3,0,15,3,3,0,11,2,3,4,3,1,2,7641.818181818182,0.09090909090909091,3.0,0,1,1,0,0,0,1,0,0,1,0,0,0,0,0,0,0,0,1,0
48,1,7,2,4,3,1,3,2655,2,1,11,3,3,2,19,3,3,9,7,7,7,1676.842105263158,0.3684210526315789,3.3333333333333335,1,0,0,1,0,0,1,0,0,0,0,0,0,0,0,0,0,1,1,0
32,1,2,4,4,3,1,2,1393,1,0,12,3,1,0,1,2,3,1,0,0,0,16716.0,0.0,3.0,0,1,1,0,1,0,0,0,0,1,0,1,0,0,0,0,0,0,0,1
26,0,7,3,4,3,1,4,2570,1,0,20,4,3,0,7,5,3,7,7,5,7,4405.714285714285,0.7142857142857143,3.6666666666666665,0,0,1,0,0,0,1,0,0,1,0,1,0,0,0,0,0,0,0,1
55,0,22,3,1,2,1,2,3537,5,0,12,3,4,1,8,1,3,4,2,1,2,5305.5,0.125,2.0,0,1,1,0,0,0,0,0,1,1,0,0,0,0,0,1,0,0,0,0
34,0,5,2,2,2,2,4,3986,1,0,14,3,3,1,15,3,4,15,10,4,13,3188.8,0.26666666666666666,3.3333333333333335,0,1,1,0,0,0,1,0,0,1,0,1,0,0,0,0,0,0,1,0
60,0,1,4,3,1,3,4,10883,3,0,20,4,3,1,19,2,4,1,0,0,0,6873.473684210527,0.0,3.6666666666666665,0,1,1,0,0,0,1,0,0,1,0,0,0,0,0,0,0,0,0,0
33,0,21,3,2,4,1,2,2028,1,0,18,3,4,3,14,6,3,14,11,2,13,1738.2857142857142,0.14285714285714285,2.3333333333333335,0,1,1,0,0,0,1,0,0,1,0,1,0,0,0,0,0,0,1,0
37,0,1,4,3,1,2,4,9525,1,0,14,3,3,2,6,2,2,6,3,1,3,19050.0,0.16666666666666666,3.0,1,0,0,1,0,0,1,0,0,1,0,0,0,0,0,0,1,0,0,0
34,0,19,3,2,2,1,4,2929,1,0,12,3,2,0,10,3,3,10,9,8,7,3514.8,0.8,3.0,0,1,1,0,1,0,0,0,0,0,0,0,0,0,0,1,0,0,1,0
23,1,7,3,3,3,1,4,2275,1,1,21,4,2,1,3,2,3,3,2,0,2,9100.0,0.0,3.3333333333333335,0,1,0,1,1,0,0,0,0,1,0,0,0,0,0,0,0,1,0,0
44,0,2,3,3,4,3,4,7879,1,1,19,3,2,1,9,2,3,8,7,6,7,10505.333333333334,0.6666666666666666,3.3333333333333335,0,1,1,0,1,0,0,0,0,0,0,0,0,0,0,0,0,0,1,0
35,0,2,4,1,2,1,4,4930,0,1,14,3,3,0,6,2,4,5,4,1,4,9860.0,0.16666666666666666,3.0,1,0,1,0,0,0,1,0,0,1,0,0,0,0,0,1,0,0,0,1
43,0,2,3,4,3,2,4,7847,1,1,17,3,1,1,10,3,3,10,9,8,8,9416.4,0.8,3.6666666666666665,0,1,0,1,0,0,1,0,0,1,0,0,0,0,0,0,1,0,1,0
24,0,9,3,3,4,1,3,4401,1,0,16,3,4,1,5,1,3,5,3,0,4,10562.4,0.0,3.0,0,1,1,0,0,0,1,0,0,1,0,0,0,0,0,1,0,0,1,0
41,0,6,3,4,3,3,3,9241,1,0,12,3,2,0,10,3,3,10,8,8,7,11089.2,0.8,3.3333333333333335,0,1,0,1,0,1,0,0,0,1,0,0,0,0,0,0,1,0,0,1
29,0,9,4,4,3,1,3,2974,9,0,17,3,3,1,9,2,3,5,3,1,2,3965.3333333333335,0.1111111111111111,3.3333333333333335,0,1,1,0,0,0,1,0,0,0,0,1,0,0,0,0,0,0,1,0
36,0,2,4,3,3,2,4,4502,3,0,15,3,3,0,17,2,2,13,7,6,7,3177.8823529411766,0.35294117647058826,3.0,0,1,0,1,1,0,0,0,0,0,0,0,0,0,0,0,0,1,0,1
45,0,1,1,3,2,3,3,10748,3,0,23,4,4,1,25,3,2,23,15,14,4,5159.04,0.56,2.6666666666666665,0,0,1,0,1,0,0,0,0,1,0,0,0,0,0,0,0,0,1,0
24,1,22,1,4,1,1,3,1555,1,0,11,3,3,1,1,2,3,1,0,0,0,18660.0,0.0,3.3333333333333335,0,1,0,0,0,0,0,0,0,1,1,0,0,0,0,0,0,0,1,0
47,1,9,3,3,1,4,3,12936,7,0,11,3,3,0,25,3,1,23,5,14,10,6209.28,0.56,2.3333333333333335,1,0,0,1,1,0,0,0,0,1,0,0,0,0,0,0,1,0,1,0
26,0,17,4,4,1,1,3,2305,1,0,15,3,3,3,3,3,4,3,2,0,2,9220.0,0.0,3.6666666666666665,0,1,1,0,0,0,1,0,0,1,0,1,0,0,0,0,0,0,1,0
45,0,28,2,4,2,4,2,16704,1,0,11,3,3,0,21,2,3,21,6,8,6,9545.142857142857,0.38095238095238093,3.0,0,1,1,0,0,0,0,0,1,0,0,0,0,0,1,0,0,0,0,1
32,0,10,3,1,3,1,3,3433,6,0,13,3,1,1,10,3,2,5,2,1,3,4119.6,0.1,2.0,1,0,1,0,1,0,0,0,0,1,0,0,0,0,0,1,0,0,1,0
31,0,2,4,2,3,1,3,3477,1,0,14,3,4,1,6,2,4,5,2,0,3,6954.0,0.0,3.0,0,1,1,0,1,0,0,0,0,1,0,1,0,0,0,0,0,0,1,0
41,0,4,3,3,1,2,2,6430,6,0,19,3,2,1,10,4,3,3,2,1,2,7716.0,0.1,2.6666666666666665,0,0,0,0,0,0,0,0,0,1,1,0,0,0,0,0,0,0,1,0
40,0,8,2,2,3,2,1,6516,2,1,16,3,2,1,18,3,3,1,0,0,0,4344.0,0.0,2.0,0,1,1,0,1,0,0,0,0,0,0,0,0,1,0,0,0,0,1,0
24,0,29,1,2,3,1,1,3907,1,0,13,3,2,3,6,2,4,6,2,1,2,7814.0,0.16666666666666666,2.3333333333333335,0,1,1,0,0,0,1,0,0,1,0,1,0,0,0,0,0,0,0,0
46,0,13,4,3,3,2,2,5562,6,0,14,3,4,0,19,3,3,10,7,0,9,3512.842105263158,0.0,2.6666666666666665,0,1,1,0,1,0,0,0,0,1,0,0,0,0,0,0,0,0,0,1
35,0,27,4,4,3,2,3,6883,2,0,16,3,2,1,17,3,3,7,7,0,7,4858.588235294118,0.0,3.3333333333333335,0,1,1,0,1,0,0,0,0,1,0,0,0,1,0,0,0,0,1,0
30,0,16,1,2,3,1,4,2862,1,0,12,3,2,1,10,2,2,10,0,0,8,3434.4,0.0,2.6666666666666665,0,1,1,0,1,0,0,0,0,1,0,0,0,0,0,1,0,0,1,0
47,0,2,4,3,3,2,2,4978,7,0,11,3,4,1,4,3,1,1,0,0,0,14934.0,0.0,2.0,0,0,0,1,0,1,0,0,0,1,0,0,0,0,0,0,1,0,1,0
46,0,2,3,3,3,3,4,10368,4,1,12,3,2,1,13,5,2,10,6,0,3,9570.461538461539,0.0,3.0,0,1,0,1,1,0,0,0,0,1,0,0,0,0,0,0,1,0,0,0
36,1,13,5,2,2,2,1,6134,5,1,13,3,2,3,16,3,3,2,2,2,2,4600.5,0.125,2.0,0,1,0,1,0,1,0,0,0,1,0,0,0,0,0,0,1,0,0,0
32,1,1,2,1,1,2,2,6735,6,0,15,3,2,0,10,2,3,0,0,0,0,8082.0,0.0,2.0,0,1,0,1,1,0,0,0,0,1,0,0,0,0,0,0,1,0,0,1
23,0,4,1,3,3,1,2,3295,1,0,13,3,3,0,3,3,1,3,2,1,2,13180.0,0.3333333333333333,2.0,0,1,1,0,0,0,1,0,0,0,0,1,0,0,0,0,0,0,0,1
31,0,24,1,4,3,2,4,5238,2,0,20,4,4,0,9,3,2,5,4,1,4,6984.0,0.1111111111111111,3.3333333333333335,1,0,1,0,0,0,0,0,1,0,0,0,0,1,0,0,0,0,0,1
39,0,1,3,4,3,2,4,6472,1,1,15,3,4,1,9,2,3,9,8,5,8,8629.333333333334,0.5555555555555556,3.6666666666666665,0,0,1,0,1,0,0,0,0,1,0,1,0,0,0,0,0,0,1,0
32,0,19,3,4,1,3,3,9610,3,0,13,3,3,1,10,2,1,4,3,0,2,11532.0,0.0,2.6666666666666665,0,1,0,1,1,0,0,0,0,1,0,0,0,0,0,0,1,0,1,0
40,0,7,4,2,3,5,2,19833,1,0,14,3,2,0,21,3,2,21,8,12,8,11333.142857142857,0.5714285714285714,2.0,0,1,0,1,0,0,1,0,0,1,0,0,1,0,0,0,0,0,0,1
45,0,4,3,3,1,3,3,9756,4,0,21,4,3,2,9,2,4,5,0,0,3,13008.0,0.0,3.3333333333333335,0,1,0,0,1,0,0,0,0,0,1,0,0,0,0,0,0,0,1,0
30,0,2,4,4,2,1,1,4968,0,0,16,3,4,0,10,2,3,9,7,0,7,5961.6,0.0,2.6666666666666665,1,0,1,0,0,0,0,0,1,0,0,0,0,0,0,1,0,0,0,1
24,0,10,3,1,3,1,4,2145,0,0,14,3,4,1,3,2,3,2,2,2,1,8580.0,0.6666666666666666,2.6666666666666665,1,0,0,0,0,0,1,0,0,1,1,0,0,0,0,0,0,0,1,0
30,1,8,3,3,2,1,4,2180,6,0,11,3,3,1,6,0,2,4,2,1,2,4360.0,0.16666666666666666,3.0,1,0,0,0,0,0,0,0,0,0,1,0,0,0,0,0,0,0,0,0
31,0,5,3,1,3,2,3,8346,1,0,19,3,3,1,6,3,3,5,2,0,2,16692.0,0.0,2.3333333333333335,0,1,0,1,0,0,0,0,1,1,0,0,0,0,0,0,1,0,1,0
27,0,8,3,3,3,1,4,3445,1,0,11,3,3,0,6,5,2,6,2,1,4,6890.0,0.16666666666666666,3.0,0,1,1,0,0,0,1,0,0,0,0,0,0,0,0,1,0,0,0,1
29,1,9,3,2,1,1,2,2760,1,0,13,3,3,0,2,3,3,2,2,2,2,16560.0,1.0,2.3333333333333335,0,1,0,1,0,1,0,0,0,0,0,0,0,0,0,0,0,1,0,1
29,0,1,3,4,4,2,3,6294,8,1,12,3,4,0,10,5,4,3,2,0,2,7552.8,0.0,3.6666666666666665,1,0,1,0,1,0,0,0,0,1,0,0,0,0,0,0,0,0,0,1
30,0,15,2,3,2,3,1,7140,2,0,11,3,1,1,12,2,3,7,7,1,7,7140.0,0.08333333333333333,2.3333333333333335,0,1,0,1,0,1,0,0,0,1,0,0,0,0,0,0,1,0,0,0
34,0,2,4,4,4,1,4,2932,0,1,14,3,1,3,6,3,3,5,0,1,2,5864.0,0.16666666666666666,3.6666666666666665,0,1,1,0,0,0,1,0,0,1,0,0,0,0,0,1,0,0,1,0
33,0,2,3,4,3,2,2,5147,8,0,15,3,4,0,13,2,2,11,7,1,7,4751.076923076923,0.07692307692307693,2.6666666666666665,0,0,0,1,0,1,0,0,0,0,0,0,0,0,0,0,1,0,0,1
49,0,11,4,4,3,2,4,4507,3,0,12,3,3,0,8,1,4,5,1,0,4,6760.5,0.0,4.0,0,1,0,1,0,1,0,0,0,0,0,0,0,0,0,0,1,0,0,1
33,1,16,3,1,3,3,1,8564,2,1,20,4,3,0,11,2,2,0,0,0,0,9342.545454545454,0.0,1.3333333333333333,0,1,0,1,1,0,0,0,0,0,0,0,0,0,0,0,1,0,0,1
38,0,2,2,3,2,1,2,2468,4,0,14,3,2,1,9,4,2,6,1,0,5,3290.6666666666665,0.0,2.3333333333333335,1,0,1,0,0,0,1,0,0,0,0,1,0,0,0,0,0,0,1,0
31,1,16,4,1,3,3,3,8161,2,0,13,3,1,3,10,2,3,1,0,0,0,9793.2,0.0,2.3333333333333335,0,1,0,1,0,1,0,0,0,1,0,0,0,0,0,0,1,0,1,0
29,0,4,3,4,2,1,1,2109,1,0,13,3,3,1,1,2,3,1,0,0,0,25308.0,0.0,2.6666666666666665,0,1,1,0,0,0,0,0,1,0,0,0,0,0,0,1,0,0,0,0
30,0,16,3,3,4,2,3,5294,3,0,16,3,3,1,10,3,3,7,0,1,7,6352.8,0.1,3.0,0,1,1,0,1,0,0,0,0,1,0,0,0,0,0,0,0,0,1,0
32,0,5,4,2,3,1,2,2718,2,0,14,3,2,0,12,3,3,7,7,0,7,2718.0,0.0,2.3333333333333335,0,0,1,0,0,0,0,0,1,1,0,0,0,0,0,1,0,0,0,1
38,0,18,3,2,1,2,4,5811,3,1,16,3,3,1,15,2,3,1,0,1,0,4648.8,0.06666666666666667,3.0,0,1,1,0,0,0,1,0,0,1,0,0,0,0,0,0,0,0,1,0
43,1,17,3,3,2,1,3,2437,9,1,16,3,4,1,6,4,3,1,0,0,0,4874.0,0.0,3.0,1,0,1,0,0,0,0,0,1,1,0,0,0,0,0,1,0,0,1,0
42,0,12,3,2,3,1,2,2766,8,0,22,4,2,3,7,6,2,5,3,0,4,4741.714285714285,0.0,2.0,0,1,1,0,0,0,1,0,0,1,0,1,0,0,0,0,0,0,0,0
55,0,2,3,3,2,5,1,19038,8,0,12,3,2,3,34,2,3,1,0,0,0,6719.294117647059,0.0,2.3333333333333335,0,1,1,0,0,0,1,0,0,1,0,0,0,0,1,0,0,0,1,0
33,0,4,3,4,3,2,2,3055,5,0,15,3,4,2,11,2,2,9,8,1,7,3332.7272727272725,0.09090909090909091,2.6666666666666665,0,0,1,0,0,0,0,0,1,1,0,0,0,0,0,1,0,0,0,0
41,0,9,4,3,3,1,1,2289,1,0,20,4,2,2,5,2,3,5,3,0,4,5493.6,0.0,2.3333333333333335,0,1,1,0,1,0,0,0,0,1,0,1,0,0,0,0,0,0,0,0
34,0,10,3,4,3,2,3,4001,1,1,14,3,3,1,15,3,3,15,14,0,7,3200.8,0.0,3.3333333333333335,0,0,0,1,1,0,0,0,0,1,0,0,0,0,0,0,1,0,0,0
53,0,1,4,1,2,4,3,12965,4,1,20,4,4,3,27,2,2,3,2,0,2,5762.222222222223,0.0,2.0,0,0,1,0,0,0,1,0,0,0,0,0,0,1,0,0,0,0,1,0
43,0,2,3,2,3,1,4,3539,0,0,13,3,2,0,10,5,3,9,7,1,8,4246.8,0.1,3.0,0,1,0,0,1,0,0,0,0,1,1,0,0,0,0,0,0,0,0,1
34,0,3,2,4,1,2,4,6029,5,0,12,3,1,0,6,3,3,2,2,2,2,12058.0,0.3333333333333333,3.6666666666666665,0,1,0,1,1,0,0,0,0,0,0,0,0,0,0,0,1,0,0,1
21,1,7,1,2,3,1,2,2679,1,0,13,3,2,0,1,3,3,1,0,1,0,32148.0,1.0,2.3333333333333335,0,1,0,1,0,1,0,0,0,1,0,0,0,0,0,0,0,1,0,1
38,0,6,2,4,2,1,3,3702,1,0,11,3,2,1,5,3,3,5,4,0,4,8884.8,0.0,3.3333333333333335,0,1,1,0,0,0,0,1,0,0,0,1,0,0,0,0,0,0,1,0
22,1,8,1,3,3,1,1,2398,1,1,17,3,3,0,1,6,3,1,0,0,0,28776.0,0.0,2.3333333333333335,0,1,1,0,0,0,1,0,0,0,0,1,0,0,0,0,0,0,1,0
31,0,29,4,1,2,2,4,5468,1,0,14,3,1,2,13,3,3,12,7,5,7,5047.384615384615,0.38461538461538464,2.6666666666666665,0,1,0,1,0,1,0,0,0,0,0,0,0,0,0,0,1,0,1,0
51,0,3,3,1,3,3,3,13116,2,0,11,3,4,0,15,2,3,2,2,2,2,10492.8,0.13333333333333333,2.3333333333333335,0,1,1,0,0,0,0,0,1,0,0,0,1,0,0,0,0,0,1,0
37,0,9,2,2,2,2,2,4189,1,0,14,3,1,2,5,2,3,5,2,0,3,10053.6,0.0,2.3333333333333335,0,1,0,1,0,1,0,0,0,1,0,0,0,0,0,0,1,0,1,0
46,0,2,4,3,3,5,4,19328,7,1,17,3,3,1,24,3,3,2,1,2,2,9664.0,0.08333333333333333,3.3333333333333335,0,1,1,0,0,0,1,0,0,1,0,0,0,0,1,0,0,0,0,0
36,0,10,3,4,3,3,1,8321,7,1,13,3,4,1,15,1,3,12,8,5,7,6656.8,0.3333333333333333,2.6666666666666665,0,1,1,0,1,0,0,0,0,1,0,0,0,0,0,0,0,0,1,0
44,1,1,2,3,3,1,2,2342,1,1,12,3,3,3,6,2,2,5,3,2,3,4684.0,0.3333333333333333,2.3333333333333335,1,0,1,0,0,0,1,0,0,1,0,0,0,0,0,1,0,0,0,0
37,0,8,2,3,3,2,2,4071,2,0,13,3,3,0,19,4,2,10,0,4,7,2571.157894736842,0.21052631578947367,2.3333333333333335,0,1,0,0,0,0,0,1,0,1,1,0,0,0,0,0,0,0,0,0
35,1,27,3,3,3,2,4,5813,1,1,18,3,4,0,10,2,3,10,7,7,7,6975.6,0.7,3.3333333333333335,0,1,0,1,1,0,0,0,0,1,0,0,0,0,0,0,1,0,0,1
33,0,8,4,4,4,1,1,3143,6,0,19,3,2,1,14,1,3,10,8,7,6,2694.0,0.5,2.6666666666666665,0,1,1,0,1,0,0,0,0,1,0,0,0,0,0,1,0,0,1,0
28,0,1,3,3,3,1,4,2044,1,0,11,3,3,1,5,6,4,5,3,0,3,4905.6,0.0,3.6666666666666665,0,1,1,0,1,0,0,0,0,1,0,0,0,0,0,1,0,0,1,0
39,0,10,1,3,3,3,3,13464,7,0,21,4,3,0,9,3,3,4,3,2,2,17952.0,0.2222222222222222,3.0,0,1,1,0,0,0,1,0,0,1,0,0,0,0,1,0,0,0,0,1
46,0,26,2,2,2,2,2,7991,8,0,15,3,3,0,6,3,3,2,2,2,2,15982.0,0.3333333333333333,2.3333333333333335,0,0,0,1,1,0,0,0,0,1,0,0,0,0,0,0,1,0,0,1
40,0,2,2,3,3,1,1,3377,4,0,17,3,4,1,7,5,2,4,3,0,2,5789.142857142857,0.0,2.0,0,1,1,0,1,0,0,0,0,0,0,1,0,0,0,0,0,0,1,0
42,0,13,3,2,4,2,1,5538,5,0,18,3,3,2,10,2,2,0,0,0,0,6645.6,0.0,1.6666666666666667,0,1,1,0,0,0,1,0,0,1,0,0,0,0,0,0,0,0,1,0
35,0,2,2,2,3,2,4,5762,2,0,14,3,3,1,15,6,3,7,7,1,7,4609.6,0.06666666666666667,3.0,0,0,1,0,0,0,1,0,0,1,0,0,0,1,0,0,0,0,0,0
38,0,2,3,1,3,1,2,2592,5,0,13,3,4,3,13,3,3,11,10,3,8,2392.6153846153848,0.23076923076923078,2.0,0,0,0,0,0,0,0,0,0,1,1,0,0,0,0,0,0,0,0,0
34,1,9,4,4,3,2,1,5346,4,0,17,3,3,1,11,3,2,7,1,0,7,5832.0,0.0,2.3333333333333335,1,0,1,0,1,0,0,0,0,1,0,1,0,0,0,0,0,0,1,0
37,1,10,4,4,3,2,1,4213,1,0,15,3,2,0,10,4,1,10,3,0,8,5055.6,0.0,2.0,0,1,1,0,0,0,1,0,0,1,0,0,0,1,0,0,0,0,0,1
39,0,20,3,3,3,2,4,4127,2,0,18,3,4,1,7,6,3,2,1,2,2,7074.857142857143,0.2857142857142857,3.3333333333333335,1,0,0,1,1,0,0,0,0,1,0,0,0,0,0,0,1,0,0,0
43,0,9,3,1,3,1,3,2438,4,0,13,3,3,0,7,2,2,3,2,1,2,4179.428571428572,0.14285714285714285,2.0,0,0,1,0,1,0,0,0,0,1,0,0,0,0,0,1,0,0,0,1
41,0,5,3,2,4,2,2,6870,3,0,12,3,1,0,11,3,1,3,2,1,2,7494.545454545455,0.09090909090909091,1.6666666666666667,0,1,1,0,1,0,0,0,0,1,0,0,0,0,0,0,0,0,0,1
41,0,4,1,3,3,3,3,10447,0,1,13,3,4,1,23,3,4,22,14,13,5,5450.608695652174,0.5652173913043478,3.3333333333333335,0,1,0,1,0,1,0,0,0,0,0,0,0,0,0,0,1,0,0,0
30,0,10,3,1,3,3,3,9667,9,0,14,3,2,0,9,3,3,7,7,0,2,12889.333333333334,0.0,2.3333333333333335,0,1,1,0,0,0,1,0,0,0,0,0,0,1,0,0,0,0,0,1
26,1,20,2,4,3,1,2,2148,0,1,11,3,3,0,6,3,3,5,1,1,4,4296.0,0.16666666666666666,3.0,0,1,0,0,0,0,1,0,0,0,1,0,0,0,0,0,0,0,1,0
46,1,21,2,4,3,2,2,8926,4,0,22,4,4,1,13,2,4,9,7,3,7,8239.384615384615,0.23076923076923078,3.3333333333333335,0,1,1,0,0,0,1,0,0,0,0,0,0,0,0,0,0,0,1,0
40,0,1,3,3,3,2,4,6513,4,0,17,3,4,1,12,3,3,5,3,0,3,6513.0,0.0,3.3333333333333335,0,1,1,0,1,0,0,0,0,0,0,0,0,0,0,0,0,0,0,0
34,0,8,2,2,4,2,3,6799,1,0,21,4,3,2,10,5,3,10,8,4,8,8158.8,0.4,2.6666666666666665,0,1,0,1,0,0,0,0,1,1,0,0,0,0,0,0,1,0,1,0
58,0,2,3,2,3,4,2,16291,4,0,22,4,4,1,37,0,2,16,9,14,14,5283.5675675675675,0.3783783783783784,2.0,0,0,0,1,0,0,1,0,0,1,0,0,1,0,0,0,0,0,0,0
35,0,23,4,2,1,1,3,2705,0,0,16,3,2,1,6,2,4,5,4,0,3,5410.0,0.0,3.0,0,1,1,0,0,0,1,0,0,1,0,1,0,0,0,0,0,0,1,0
47,0,4,3,3,2,3,2,10333,8,1,12,3,3,1,28,4,3,22,11,14,10,4428.428571428572,0.5,2.6666666666666665,0,1,1,0,1,0,0,0,0,0,0,0,0,1,0,0,0,0,0,0
40,0,12,3,2,3,2,1,4448,2,0,12,3,2,1,15,3,3,7,4,7,7,3558.4,0.4666666666666667,2.0,0,1,1,0,1,0,0,0,0,0,0,0,0,0,0,0,0,0,0,0
54,0,7,4,4,3,2,4,6854,4,0,15,3,2,1,14,2,2,7,1,1,7,5874.857142857143,0.07142857142857142,3.3333333333333335,0,1,1,0,0,0,1,0,0,0,0,0,0,0,0,1,0,0,1,0
31,0,7,4,1,3,3,1,9637,2,0,14,3,4,2,9,3,3,3,2,2,2,12849.333333333334,0.2222222222222222,1.6666666666666667,1,0,0,1,0,1,0,0,0,0,0,0,0,0,0,0,1,0,1,0
28,0,1,3,3,3,1,1,3591,1,0,25,4,3,1,3,3,3,3,2,1,2,14364.0,0.3333333333333333,2.3333333333333335,0,1,1,0,0,0,1,0,0,0,0,0,0,0,0,1,0,0,1,0
38,0,2,4,2,1,2,4,5405,2,1,20,4,1,2,20,4,2,4,2,0,3,3243.0,0.0,2.6666666666666665,0,1,0,1,0,1,0,0,0,0,0,0,0,0,0,0,0,1,1,0
26,0,10,3,3,3,2,4,4684,1,0,13,3,1,0,5,4,3,5,3,1,2,11241.6,0.2,3.3333333333333335,0,1,0,1,0,0,1,0,0,1,0,0,0,0,0,0,1,0,0,1
58,0,15,4,1,3,4,3,15787,2,1,14,3,2,0,23,3,3,2,2,2,2,8236.695652173914,0.08695652173913043,2.3333333333333335,1,0,1,0,1,0,0,0,0,1,0,0,0,0,1,0,0,0,1,0
18,0,14,3,2,3,1,3,1514,1,0,16,3,3,0,0,4,1,0,0,0,0,18168.0,0.0,2.0,0,0,1,0,0,0,1,0,0,0,0,0,0,0,0,1,0,0,0,1
31,1,18,5,4,4,1,1,2956,0,0,17,3,3,0,2,4,3,1,0,0,0,17736.0,0.0,2.6666666666666665,0,1,0,0,0,0,0,0,0,1,1,0,0,0,0,0,0,0,1,0
29,1,13,3,1,2,1,1,2335,4,1,15,3,4,3,4,3,3,2,2,2,0,7005.0,0.5,1.6666666666666667,0,1,0,0,0,0,0,0,0,1,1,0,0,0,0,0,0,0,0,0
45,0,2,4,3,3,2,3,5154,4,0,22,4,2,2,10,3,4,8,7,5,7,6184.8,0.5,3.3333333333333335,0,0,0,1,1,0,0,0,0,0,0,0,0,0,0,0,1,0,1,0
36,0,2,4,4,3,2,2,6962,4,1,22,4,4,1,15,2,3,1,0,0,0,5569.6,0.0,3.0,0,1,1,0,0,0,0,1,0,0,0,0,0,0,0,1,0,0,1,0
43,0,2,4,1,3,2,4,5675,1,0,20,4,3,1,7,5,3,7,7,7,7,9728.57142857143,1.0,2.6666666666666665,1,0,0,1,1,0,0,0,0,1,0,0,0,0,0,0,1,0,1,0
27,0,5,2,4,3,1,4,2379,0,1,14,3,3,0,6,3,2,5,4,0,2,4758.0,0.0,3.3333333333333335,1,0,1,0,1,0,0,0,0,0,0,1,0,0,0,0,0,0,0,1
29,0,20,1,4,3,1,4,3812,1,0,13,3,2,0,11,3,4,11,8,3,10,4158.545454545455,0.2727272727272727,4.0,1,0,1,0,0,0,1,0,0,1,0,1,0,0,0,0,0,0,1,0
32,0,10,4,4,3,2,4,4648,8,0,13,3,3,0,4,2,4,0,0,0,0,13944.0,0.0,4.0,1,0,0,1,0,1,0,0,0,1,0,0,0,0,0,0,1,0,0,1
42,0,10,4,3,3,1,3,2936,3,0,22,4,2,2,10,1,2,6,3,3,3,3523.2,0.3,2.6666666666666665,0,0,1,0,0,0,0,0,1,1,0,0,0,0,0,1,0,0,1,0
47,0,9,4,2,3,1,3,2105,4,0,12,3,3,0,7,2,3,2,2,2,0,3608.5714285714284,0.2857142857142857,2.6666666666666665,0,1,1,0,1,0,0,0,0,0,0,1,0,0,0,0,0,0,0,1
46,0,2,2,4,3,3,4,8578,3,0,14,3,3,1,12,4,2,9,8,4,7,8578.0,0.3333333333333333,3.3333333333333335,0,1,1,0,1,0,0,0,0,1,0,0,0,1,0,0,0,0,0,0
28,0,1,2,3,3,1,4,2706,1,0,15,3,2,1,3,2,3,3,2,2,2,10824.0,0.6666666666666666,3.3333333333333335,0,0,0,0,1,0,0,0,0,1,1,0,0,0,0,0,0,0,0,0
29,0,29,1,4,1,2,3,6384,8,0,17,3,4,2,11,3,3,7,0,1,6,6964.363636363636,0.09090909090909091,3.3333333333333335,0,1,1,0,1,0,0,0,0,1,0,0,0,0,0,0,0,0,0,0
42,0,8,3,4,3,1,3,3968,4,0,13,3,4,0,8,3,3,0,0,0,0,5952.0,0.0,3.3333333333333335,0,1,1,0,1,0,0,0,0,1,0,1,0,0,0,0,0,0,0,1
32,1,2,4,3,2,2,2,9907,7,1,12,3,3,0,7,3,2,2,2,2,2,16983.428571428572,0.2857142857142857,2.3333333333333335,0,1,0,1,0,1,0,0,0,1,0,0,0,0,0,0,1,0,0,1
46,0,3,3,1,4,4,1,13225,2,0,12,3,4,1,25,5,3,19,17,2,8,6348.0,0.08,1.6666666666666667,0,1,0,1,0,0,0,0,1,0,0,0,0,0,0,0,1,0,0,0
27,0,23,1,2,2,2,3,3540,1,0,21,4,4,1,9,5,3,9,8,5,8,4720.0,0.5555555555555556,2.6666666666666665,0,1,0,1,0,0,1,0,0,0,0,0,0,0,0,0,0,1,1,0
29,0,6,1,4,2,1,2,2804,1,0,11,3,4,0,1,3,3,1,0,0,0,33648.0,0.0,3.0,0,1,0,0,0,0,1,0,0,1,1,0,0,0,0,0,0,0,1,0
43,0,6,3,1,2,5,3,19392,7,0,13,3,4,0,21,2,3,16,12,6,14,11081.142857142857,0.2857142857142857,2.3333333333333335,0,1,1,0,0,0,1,0,0,0,0,0,1,0,0,0,0,0,1,0
48,0,10,3,4,2,5,2,19665,4,0,12,3,4,0,29,3,3,22,10,12,9,8137.241379310345,0.41379310344827586,3.0,0,1,1,0,1,0,0,0,0,1,0,0,0,0,1,0,0,0,1,0
29,1,24,2,4,2,1,4,2439,1,1,24,4,2,0,1,3,2,1,0,1,0,29268.0,1.0,3.3333333333333335,1,0,1,0,1,0,0,0,0,1,0,0,0,0,0,1,0,0,0,1
46,1,10,3,3,3,3,2,7314,5,0,21,4,3,3,14,2,3,8,7,0,7,6269.142857142857,0.0,2.6666666666666665,0,1,0,1,1,0,0,0,0,0,0,0,0,0,0,0,1,0,1,0
27,0,15,3,4,2,1,1,4774,0,0,19,3,4,1,8,2,2,7,6,7,3,7161.0,0.875,2.3333333333333335,1,0,1,0,1,0,0,0,0,0,0,0,0,0,0,1,0,0,1,0
39,0,19,4,4,3,2,4,3902,8,0,14,3,2,3,7,2,3,2,2,2,2,6689.142857142857,0.2857142857142857,3.6666666666666665,0,1,1,0,0,0,0,1,0,1,0,0,0,0,0,1,0,0,0,0
55,0,2,4,2,2,1,4,2662,8,0,20,4,2,1,19,2,4,5,2,0,4,1681.2631578947369,0.0,3.3333333333333335,0,1,1,0,0,0,0,0,1,1,0,0,0,0,0,1,0,0,1,0
28,0,3,3,2,3,1,2,2856,1,0,19,3,4,1,1,3,3,1,0,0,0,34272.0,0.0,2.3333333333333335,0,1,0,1,0,0,1,0,0,0,0,0,0,0,0,0,0,1,1,0
30,1,9,3,2,3,1,4,1081,1,0,13,3,3,0,1,3,2,1,0,0,0,12972.0,0.0,2.6666666666666665,0,1,0,1,0,0,1,0,0,1,0,0,0,0,0,0,0,1,0,1
22,1,7,1,4,3,1,2,2472,1,1,23,4,1,0,1,2,3,1,0,0,0,29664.0,0.0,3.0,0,1,1,0,1,0,0,0,0,1,0,0,0,0,0,1,0,0,0,1
36,0,10,4,2,2,2,3,5673,1,1,13,3,1,1,10,4,3,10,9,1,7,6807.6,0.1,2.6666666666666665,0,1,0,1,0,0,0,0,1,0,0,0,0,0,0,0,1,0,1,0
31,0,20,3,2,3,2,3,4197,1,0,11,3,1,1,10,2,3,10,8,0,2,5036.4,0.0,2.6666666666666665,0,1,1,0,1,0,0,0,0,1,0,1,0,0,0,0,0,0,0,0
34,0,4,3,3,3,3,4,9713,2,1,13,3,4,3,9,3,3,5,3,1,0,12950.666666666666,0.1111111111111111,3.3333333333333335,0,1,0,1,1,0,0,0,0,1,0,0,0,0,0,0,1,0,1,0
29,0,7,3,4,3,1,1,2062,3,0,14,3,2,0,11,2,3,3,2,1,2,2249.4545454545455,0.09090909090909091,2.6666666666666665,0,1,1,0,1,0,0,0,0,1,0,1,0,0,0,0,0,0,0,1
37,0,7,4,4,3,2,1,4284,5,1,22,4,3,1,16,2,3,5,3,0,4,3213.0,0.0,2.6666666666666665,0,1,1,0,0,0,1,0,0,1,0,0,0,0,0,1,0,0,1,0
35,0,16,2,4,2,2,2,4788,0,1,11,3,4,0,4,2,3,3,2,0,2,14364.0,0.0,3.0,0,1,1,0,0,0,0,1,0,0,0,0,0,1,0,0,0,0,1,0
45,0,25,2,2,2,2,4,5906,0,0,13,3,4,2,10,2,2,9,8,3,8,7087.2,0.3,2.6666666666666665,0,1,1,0,1,0,0,0,0,0,0,0,0,1,0,0,0,0,1,0
36,0,2,1,2,2,2,4,3886,1,0,21,4,4,0,10,2,2,10,1,0,8,4663.2,0.0,2.6666666666666665,1,0,0,0,0,0,0,0,0,1,1,0,0,0,0,0,0,0,0,1
40,0,1,4,1,3,4,1,16823,2,0,11,3,1,1,22,3,3,19,7,11,16,9176.181818181818,0.5,1.6666666666666667,0,1,1,0,1,0,0,0,0,1,0,0,1,0,0,0,0,0,0,0
26,0,1,2,2,2,1,3,2933,1,1,13,3,3,1,1,3,2,1,0,1,0,35196.0,1.0,2.3333333333333335,0,1,1,0,1,0,0,0,0,0,0,0,0,0,0,1,0,0,1,0
27,0,2,2,1,4,2,3,6500,0,0,14,3,2,0,9,5,2,8,7,0,7,8666.666666666666,0.0,2.0,0,1,0,1,0,0,1,0,0,0,0,0,0,0,0,0,1,0,0,1
48,0,22,3,4,3,4,4,17174,3,0,11,3,2,1,24,3,3,22,17,4,7,8587.0,0.16666666666666666,3.6666666666666665,1,0,1,0,0,0,1,0,0,0,0,0,1,0,0,0,0,0,0,0
44,0,1,4,2,4,2,1,5033,2,0,15,3,4,1,10,5,3,2,0,2,2,6039.6,0.2,2.0,0,1,1,0,1,0,0,0,0,1,0,0,0,0,0,0,0,0,1,0
34,1,16,4,4,1,1,1,2307,1,1,23,4,2,1,5,2,3,5,2,3,0,5536.8,0.6,2.6666666666666665,0,0,1,0,0,0,0,0,1,1,0,0,0,0,0,1,0,0,1,0
56,1,24,2,1,3,1,4,2587,1,0,16,3,4,0,5,3,3,4,2,1,0,6208.8,0.2,2.6666666666666665,0,1,1,0,1,0,0,0,0,1,0,1,0,0,0,0,0,0,0,1
36,0,17,2,3,2,2,2,5507,2,0,16,3,3,2,12,1,1,4,2,1,3,5507.0,0.08333333333333333,2.0,0,1,0,1,0,1,0,0,0,1,0,0,0,0,0,0,1,0,1,0
41,0,8,3,3,3,2,2,4393,5,0,21,4,3,1,14,3,3,5,4,1,4,3765.4285714285716,0.07142857142857142,2.6666666666666665,0,1,0,1,0,1,0,0,0,0,0,0,0,0,0,0,1,0,1,0
42,0,6,3,3,3,3,1,13348,9,0,13,3,2,1,18,3,4,13,7,5,7,8898.666666666666,0.2777777777777778,2.6666666666666665,0,1,1,0,0,0,1,0,0,1,0,0,0,0,1,0,0,0,1,0
31,0,10,2,3,3,2,4,6583,2,1,11,3,4,1,8,2,3,5,2,1,4,9874.5,0.125,3.3333333333333335,0,1,0,1,0,0,1,0,0,0,0,0,0,0,0,0,1,0,0,0
34,0,3,1,4,2,2,4,8103,3,1,12,3,3,0,9,3,2,4,2,0,1,10804.0,0.0,3.3333333333333335,0,1,0,1,0,0,1,0,0,0,0,0,0,0,0,0,1,0,1,0
31,0,4,3,1,4,1,3,3978,8,0,12,3,2,1,4,0,2,2,2,2,2,11934.0,0.5,2.0,0,1,1,0,0,0,1,0,0,0,0,1,0,0,0,0,0,0,0,0
26,0,6,3,3,4,1,4,2544,0,0,18,3,1,1,8,3,3,7,7,7,7,3816.0,0.875,3.3333333333333335,1,0,1,0,0,0,0,1,0,1,0,1,0,0,0,0,0,0,1,0
45,0,1,4,2,3,2,3,5399,4,0,12,3,3,0,12,3,3,4,2,0,3,5399.0,0.0,2.6666666666666665,1,0,1,0,0,0,1,0,0,1,0,0,0,0,0,0,0,0,0,1
33,0,10,4,2,3,2,3,5487,1,0,14,3,2,0,10,2,2,10,4,0,9,6584.4,0.0,2.3333333333333335,0,1,0,1,0,1,0,0,0,1,0,0,0,0,0,0,1,0,0,1
28,0,1,2,3,2,2,4,6834,1,1,12,3,3,1,7,2,3,7,7,0,7,11715.42857142857,0.0,3.3333333333333335,1,0,0,1,1,0,0,0,0,1,0,0,0,0,0,0,1,0,1,0
29,1,24,3,3,4,1,1,1091,1,0,17,3,4,0,1,3,3,1,0,0,0,13092.0,0.0,2.3333333333333335,1,0,0,1,0,0,0,0,1,1,0,0,0,0,0,0,0,1,0,1
39,0,21,4,1,1,2,3,5736,6,0,19,3,3,1,10,1,3,3,2,1,2,6883.2,0.1,2.3333333333333335,0,0,0,1,1,0,0,0,0,0,0,0,0,0,0,0,1,0,1,0
27,0,2,4,2,3,1,2,2226,1,0,11,3,3,1,6,3,2,5,3,1,2,4452.0,0.16666666666666666,2.0,0,1,1,0,0,0,0,0,1,1,0,0,0,0,0,1,0,0,1,0
34,0,22,4,3,2,2,4,5747,1,1,15,3,2,0,16,3,3,15,10,6,11,4310.25,0.375,3.3333333333333335,1,0,1,0,0,0,0,1,0,1,0,0,0,0,0,1,0,0,1,0
28,1,13,2,4,3,2,3,9854,3,1,11,3,4,0,6,0,3,2,0,2,2,19708.0,0.3333333333333333,3.3333333333333335,0,1,0,1,0,1,0,0,0,0,0,0,0,0,0,0,1,0,0,1
47,0,14,4,3,3,2,2,5467,8,0,18,3,3,1,16,4,4,8,7,1,7,4100.25,0.0625,3.0,0,0,1,0,0,0,0,0,1,1,0,0,0,0,0,1,0,0,1,0
56,0,11,5,4,2,2,1,5380,4,0,16,3,3,1,6,3,3,0,0,0,0,10760.0,0.0,2.6666666666666665,0,1,0,1,0,1,0,0,0,0,0,0,0,0,0,0,1,0,1,0
39,0,9,2,1,3,2,1,5151,1,0,25,4,4,1,10,3,3,10,0,7,9,6181.2,0.7,1.6666666666666667,0,1,1,0,0,0,1,0,0,1,0,0,0,1,0,0,0,0,1,0
38,0,8,3,4,2,2,2,2133,1,1,16,3,3,1,20,3,3,20,11,0,7,1279.8,0.0,3.0,1,0,1,0,0,0,1,0,0,0,0,0,0,0,0,1,0,0,0,0
58,0,21,3,4,3,4,4,17875,4,1,13,3,3,1,29,2,2,1,0,0,0,7396.551724137931,0.0,3.3333333333333335,0,1,0,1,1,0,0,0,0,0,0,0,1,0,0,0,0,0,1,0
32,1,5,2,1,4,1,3,2432,3,1,14,3,1,0,8,2,3,4,1,0,3,3648.0,0.0,2.3333333333333335,1,0,1,0,1,0,0,0,0,0,0,0,0,0,0,1,0,0,0,1
38,0,9,2,2,3,1,4,4771,2,0,19,3,4,2,10,0,4,5,2,0,3,5725.2,0.0,3.3333333333333335,0,1,1,0,1,0,0,0,0,1,0,0,0,0,0,1,0,0,0,0
49,0,2,1,2,3,5,4,19161,3,0,15,3,4,0,28,3,3,5,4,4,3,8211.857142857143,0.14285714285714285,3.0,1,0,1,0,1,0,0,0,0,1,0,0,0,0,1,0,0,0,1,0
42,0,12,4,2,3,2,4,5087,3,1,12,3,3,2,14,4,3,0,0,0,0,4360.285714285715,0.0,3.0,0,1,0,1,0,1,0,0,0,1,0,0,0,0,0,0,1,0,0,0
27,1,22,3,1,2,1,2,2863,1,0,12,3,1,0,1,2,3,1,0,0,0,34356.0,0.0,2.0,1,0,0,0,0,0,0,0,0,0,1,0,0,0,0,0,0,0,1,0
35,0,18,4,2,3,2,1,5561,0,0,16,3,4,1,6,2,1,5,3,0,4,11122.0,0.0,1.3333333333333333,0,1,0,1,0,0,1,0,0,1,0,0,0,0,0,0,1,0,1,0
28,0,16,3,3,3,1,3,2144,1,0,14,3,3,0,5,3,2,5,3,1,4,5145.6,0.2,2.6666666666666665,0,0,1,0,0,0,1,0,0,1,0,0,0,0,0,1,0,0,0,1
31,0,3,2,3,3,1,1,3065,1,1,13,3,4,1,4,3,4,4,2,2,3,9195.0,0.5,2.6666666666666665,0,0,1,0,0,0,1,0,0,1,0,0,0,0,0,1,0,0,0,0
36,0,9,4,1,4,1,2,2810,1,0,22,4,2,0,5,3,3,5,4,0,2,6744.0,0.0,2.0,0,0,1,0,1,0,0,0,0,1,0,1,0,0,0,0,0,0,1,0
34,0,1,3,1,3,3,4,9888,1,0,21,4,1,0,14,3,2,14,8,2,1,8475.42857142857,0.14285714285714285,2.3333333333333335,0,1,0,1,0,1,0,0,0,1,0,0,0,0,0,0,1,0,0,1
34,0,13,4,4,3,3,3,8628,1,0,18,3,3,1,9,2,2,8,7,1,1,11504.0,0.1111111111111111,3.0,0,1,0,1,0,0,1,0,0,1,0,0,0,0,0,0,1,0,0,0
26,0,1,3,3,3,1,1,2867,0,0,13,3,4,0,8,6,2,7,7,7,6,4300.5,0.875,2.0,0,1,1,0,0,0,1,0,0,1,0,1,0,0,0,0,0,0,0,1
29,0,1,3,1,3,2,1,5373,0,0,12,3,1,1,6,5,2,5,3,0,2,10746.0,0.0,1.3333333333333333,0,1,1,0,1,0,0,0,0,1,0,0,0,0,0,0,0,0,1,0
32,0,15,4,3,3,2,4,6667,5,0,18,3,2,1,9,6,3,5,1,1,2,8889.333333333334,0.1111111111111111,3.3333333333333335,0,0,1,0,0,0,1,0,0,0,0,0,0,0,0,0,0,0,0,0
31,0,1,3,4,1,2,1,5003,1,0,21,4,2,0,10,6,3,10,8,8,7,6003.6,0.8,2.6666666666666665,1,0,1,0,1,0,0,0,0,1,0,0,0,0,0,1,0,0,1,0
28,1,17,3,3,2,1,4,2367,5,0,12,3,1,1,6,2,2,4,1,0,3,4734.0,0.0,3.0,0,1,1,0,0,0,0,0,1,1,0,1,0,0,0,0,0,0,0,0
38,0,1,3,1,2,1,1,2858,4,0,14,3,1,0,20,3,2,1,0,0,0,1714.8,0.0,1.3333333333333333,0,1,0,1,1,0,0,0,0,1,0,0,0,0,0,0,0,1,0,1
35,0,7,4,3,3,2,4,5204,1,1,11,3,4,0,10,2,3,10,8,0,9,6244.8,0.0,3.3333333333333335,0,1,0,1,1,0,0,0,0,0,0,0,0,0,0,0,1,0,1,0
27,0,9,3,4,3,2,4,4105,1,0,14,3,1,0,7,5,3,7,7,0,7,7037.142857142857,0.0,3.6666666666666665,0,1,0,1,0,1,0,0,0,1,0,0,0,0,0,0,1,0,0,1
32,0,5,4,4,2,2,4,9679,8,0,24,4,2,0,8,1,3,1,0,0,0,14518.5,0.0,3.6666666666666665,0,1,1,0,1,0,0,0,0,1,0,0,0,1,0,0,0,0,0,1
31,1,26,4,1,3,2,4,5617,1,1,11,3,3,0,10,4,3,10,7,0,8,6740.4,0.0,2.6666666666666665,1,0,0,1,0,1,0,0,0,1,0,0,0,0,0,0,1,0,1,0
53,1,24,4,1,3,3,1,10448,6,1,13,3,2,0,15,2,2,2,2,2,2,8358.4,0.13333333333333333,1.3333333333333333,0,1,0,1,1,0,0,0,0,1,0,0,0,0,0,0,1,0,0,1
54,0,9,2,1,3,2,3,2897,3,0,11,3,3,2,9,6,2,4,3,2,3,3862.6666666666665,0.2222222222222222,2.0,0,1,1,0,1,0,0,0,0,0,0,0,0,0,0,1,0,0,1,0
33,0,7,2,4,3,2,3,5968,1,0,20,4,3,3,9,2,3,9,7,2,8,7957.333333333333,0.2222222222222222,3.3333333333333335,1,0,1,0,1,0,0,0,0,1,0,0,0,0,0,0,0,0,0,0
43,0,11,3,1,3,3,3,7510,1,0,17,3,2,1,10,1,3,10,9,0,9,9012.0,0.0,2.3333333333333335,0,1,1,0,1,0,0,0,0,1,0,0,0,0,0,0,0,0,1,0
38,0,1,4,4,3,1,2,2991,0,1,11,3,2,1,7,2,3,6,2,1,2,5127.428571428572,0.14285714285714285,3.0,1,0,0,0,0,0,0,1,0,1,1,0,0,0,0,0,0,0,1,0
55,0,26,4,3,4,5,2,19636,4,1,18,3,1,1,35,0,3,10,9,1,4,6732.342857142857,0.02857142857142857,2.6666666666666665,0,1,0,0,0,0,0,0,0,1,0,0,1,0,0,0,0,0,1,0
31,0,2,1,4,1,1,4,1129,1,1,11,3,3,3,1,4,3,1,0,0,0,13548.0,0.0,3.6666666666666665,0,1,1,0,0,0,1,0,0,0,0,1,0,0,0,0,0,0,0,0
39,0,15,4,2,3,4,1,13341,0,0,12,3,1,0,21,3,3,20,8,11,10,7623.428571428572,0.5238095238095238,2.0,0,1,0,1,0,1,0,0,0,1,0,0,0,0,0,0,1,0,0,1
42,0,23,2,4,2,2,3,4332,1,0,12,3,4,0,20,2,3,20,9,3,7,2599.2,0.15,3.3333333333333335,0,0,1,0,1,0,0,0,0,1,0,0,0,0,0,1,0,0,0,1
31,0,10,3,3,3,3,3,11031,4,0,20,4,3,1,13,2,4,11,7,4,8,10182.461538461539,0.3076923076923077,3.3333333333333335,0,0,1,0,0,0,1,0,0,0,0,0,0,0,1,0,0,0,1,0
54,0,10,3,3,3,2,1,4440,6,1,19,3,4,0,9,3,3,5,2,1,4,5920.0,0.1111111111111111,2.3333333333333335,0,1,1,0,0,0,1,0,0,0,0,0,0,1,0,0,0,0,0,1
24,0,1,2,2,2,2,3,4617,1,0,12,3,2,0,4,2,2,4,3,1,2,13851.0,0.25,2.3333333333333335,0,1,1,0,1,0,0,0,0,1,0,0,0,0,0,0,0,0,0,1
23,0,12,2,4,3,1,4,2647,1,0,13,3,3,0,5,6,4,5,2,1,4,6352.8,0.2,4.0,0,1,1,0,0,0,0,1,0,1,0,1,0,0,0,0,0,0,0,1
40,0,11,3,4,3,2,3,6323,1,0,11,3,1,1,10,2,4,10,9,9,4,7587.6,0.9,3.6666666666666665,1,0,1,0,0,0,0,0,1,0,0,1,0,0,0,0,0,0,1,0
40,0,2,2,2,3,2,2,5677,3,0,14,3,3,1,15,4,3,11,8,5,10,4541.6,0.3333333333333333,2.3333333333333335,0,1,0,1,0,1,0,0,0,0,0,0,0,0,0,0,1,0,1,0
25,0,2,3,3,3,1,2,2187,4,0,14,3,3,0,6,3,3,2,0,1,2,4374.0,0.16666666666666666,2.6666666666666665,0,1,0,0,0,0,0,0,0,0,1,0,0,0,0,0,0,0,1,0
30,0,1,2,4,3,1,2,3748,1,0,13,3,3,0,12,6,2,12,8,1,7,3748.0,0.08333333333333333,2.6666666666666665,0,1,1,0,0,0,1,0,0,1,0,1,0,0,0,0,0,0,1,0
25,0,2,1,4,3,1,3,3977,6,1,19,3,3,1,7,2,2,2,2,0,2,6817.714285714285,0.0,3.0,0,1,1,0,0,0,0,1,0,1,0,1,0,0,0,0,0,0,0,0
47,0,25,3,1,3,3,3,8633,2,0,23,4,2,0,25,3,3,17,14,12,11,4143.84,0.48,2.3333333333333335,0,1,1,0,0,0,1,0,0,1,0,0,0,0,0,0,0,0,0,1
33,0,1,2,2,2,1,3,2008,1,0,12,3,3,3,1,2,2,1,1,0,0,24096.0,0.0,2.3333333333333335,0,0,1,0,0,0,1,0,0,1,0,1,0,0,0,0,0,0,0,0
38,0,1,4,4,3,2,2,4440,0,0,15,3,1,2,16,3,3,15,13,5,8,3330.0,0.3125,3.0,0,1,0,1,1,0,0,0,0,1,0,0,0,0,0,0,1,0,1,0
31,0,2,2,1,3,1,3,3067,0,0,19,3,3,1,3,1,3,2,2,1,2,12268.0,0.3333333333333333,2.3333333333333335,0,1,0,1,1,0,0,0,0,1,0,0,0,0,0,0,0,1,1,0
38,0,6,4,1,2,2,3,5321,2,0,11,3,4,1,10,1,3,8,3,7,7,6385.2,0.7,2.3333333333333335,1,0,1,0,1,0,0,0,0,1,0,0,0,1,0,0,0,0,1,0
42,0,18,4,4,3,2,1,5410,6,1,17,3,3,1,9,3,2,4,3,1,2,7213.333333333333,0.1111111111111111,2.3333333333333335,0,1,1,0,1,0,0,0,0,1,0,0,0,0,0,1,0,0,0,0
41,0,1,3,4,3,1,4,2782,3,0,22,4,1,1,12,3,3,5,3,1,0,2782.0,0.08333333333333333,3.6666666666666665,0,1,1,0,1,0,0,0,0,1,0,0,0,0,0,1,0,0,1,0
47,0,1,1,3,3,3,2,11957,0,0,18,3,1,2,14,3,1,13,8,5,12,10248.857142857143,0.35714285714285715,2.0,0,0,1,0,0,0,1,0,0,0,0,0,0,0,1,0,0,0,1,0
35,0,11,4,4,3,1,3,2660,7,1,11,3,3,1,5,3,3,2,2,2,2,6384.0,0.4,3.3333333333333335,0,1,1,0,0,0,1,0,0,1,0,1,0,0,0,0,0,0,1,0
22,0,1,2,4,3,1,3,3375,0,0,12,3,4,0,4,2,4,3,2,1,2,10125.0,0.25,3.6666666666666665,0,1,1,0,1,0,0,0,0,1,0,0,0,0,0,1,0,0,0,1
35,0,9,4,2,3,2,3,5098,1,0,19,3,2,0,10,5,3,10,7,0,8,6117.6,0.0,2.6666666666666665,0,1,1,0,0,0,1,0,0,1,0,0,0,0,0,1,0,0,0,1
33,0,15,2,2,3,2,4,4878,0,1,13,3,1,1,10,6,3,9,7,8,1,5853.6,0.8,3.0,0,1,1,0,0,0,1,0,0,0,0,0,0,0,0,0,0,0,1,0
32,0,29,4,3,2,1,2,2837,1,0,13,3,3,0,6,3,3,6,2,4,1,5674.0,0.6666666666666666,2.6666666666666665,0,1,1,0,1,0,0,0,0,0,0,1,0,0,0,0,0,0,0,1
40,0,1,4,1,3,1,4,2406,8,0,19,3,3,2,8,3,2,1,0,0,0,3609.0,0.0,2.3333333333333335,0,1,1,0,1,0,0,0,0,1,0,1,0,0,0,0,0,0,1,0
32,0,1,4,2,2,1,2,2269,0,0,14,3,2,1,3,2,3,2,2,2,2,9076.0,0.6666666666666666,2.3333333333333335,0,1,0,1,0,0,1,0,0,1,0,0,0,0,0,0,0,1,1,0
39,0,24,1,1,3,2,4,4108,7,0,13,3,1,0,18,2,3,7,7,1,7,2738.6666666666665,0.05555555555555555,2.6666666666666665,0,1,1,0,1,0,0,0,0,1,0,0,0,0,0,1,0,0,0,1
38,0,10,3,2,1,3,3,13206,3,0,12,3,1,1,20,3,3,18,16,1,11,7923.6,0.05,2.6666666666666665,0,1,1,0,0,0,1,0,0,0,0,0,0,0,1,0,0,0,1,0
32,0,1,4,3,3,3,4,10422,1,0,19,3,3,2,14,3,3,14,10,5,7,8933.142857142857,0.35714285714285715,3.3333333333333335,0,1,0,1,0,1,0,0,0,0,0,0,0,0,0,0,1,0,1,0
37,0,10,3,3,4,3,4,13744,1,1,25,4,1,1,16,2,3,16,11,6,8,10308.0,0.375,3.3333333333333335,0,1,1,0,1,0,0,0,0,0,0,0,0,0,1,0,0,0,1,0
25,0,8,2,1,3,2,3,4907,0,1,22,4,2,1,6,3,2,5,3,0,4,9814.0,0.0,2.0,0,1,0,1,0,0,0,1,0,0,0,0,0,0,0,0,1,0,0,0
52,0,29,4,1,3,1,4,3482,2,0,15,3,2,2,16,3,2,9,8,0,0,2611.5,0.0,2.3333333333333335,0,0,0,1,1,0,0,0,0,1,0,0,0,0,0,0,0,1,0,0
44,0,1,3,2,3,1,4,2436,6,1,12,3,3,0,6,2,3,4,3,1,2,4872.0,0.16666666666666666,3.0,0,1,1,0,0,0,1,0,0,1,0,0,0,0,0,1,0,0,0,1
21,0,5,1,3,3,1,1,2380,1,1,11,3,4,0,2,6,3,2,2,1,2,14280.0,0.5,2.3333333333333335,0,1,0,1,0,0,1,0,0,1,0,0,0,0,0,0,0,1,0,1
39,0,9,3,4,3,5,4,19431,2,0,13,3,3,0,21,3,2,6,0,1,3,11103.42857142857,0.047619047619047616,3.3333333333333335,0,0,1,0,1,0,0,0,0,1,0,0,1,0,0,0,0,0,0,1
23,1,9,3,4,3,1,1,1790,1,0,19,3,1,1,1,3,2,1,0,1,0,21480.0,1.0,2.3333333333333335,1,0,0,1,0,1,0,0,0,1,0,0,0,0,0,0,0,1,1,0
36,0,3,3,1,2,3,4,7644,0,0,19,3,3,2,10,2,3,9,7,3,4,9172.8,0.3,2.6666666666666665,0,1,0,1,0,0,1,0,0,0,0,0,0,0,0,0,1,0,1,0
36,0,4,2,4,3,2,2,5131,7,0,13,3,2,3,18,3,3,4,2,0,2,3420.6666666666665,0.0,3.0,1,0,1,0,1,0,0,0,0,0,0,0,0,1,0,0,0,0,0,0
56,0,1,4,3,3,2,3,6306,1,0,21,4,1,1,13,2,2,13,12,1,9,5820.923076923077,0.07692307692307693,2.6666666666666665,0,0,1,0,1,0,0,0,0,1,0,0,0,0,0,0,0,0,0,0
29,1,1,4,1,3,1,4,4787,9,1,14,3,2,3,4,3,4,2,2,2,2,14361.0,0.5,3.0,0,1,1,0,0,0,1,0,0,1,0,0,0,0,0,1,0,0,1,0
42,0,2,3,1,3,5,3,18880,5,0,11,3,1,0,24,2,2,22,6,4,14,9440.0,0.16666666666666666,2.0,0,1,1,0,1,0,0,0,0,1,0,0,1,0,0,0,0,0,1,0
56,1,7,2,4,3,1,3,2339,8,0,11,3,4,1,14,4,1,10,9,9,8,2004.857142857143,0.6428571428571429,2.6666666666666665,0,1,1,0,0,0,0,0,1,1,0,1,0,0,0,0,0,0,1,0
41,0,28,4,1,2,4,2,13570,0,0,23,4,3,1,21,3,3,20,7,0,10,7754.285714285715,0.0,2.0,0,1,1,0,1,0,0,0,0,0,0,0,0,1,0,0,0,0,1,0
34,0,28,3,4,2,2,3,6712,1,0,21,4,4,2,8,2,3,8,7,1,7,10068.0,0.125,3.3333333333333335,0,1,0,1,0,1,0,0,0,0,0,0,0,0,0,0,1,0,1,0
36,0,15,4,4,1,2,4,5406,1,0,24,4,1,1,15,4,2,15,12,11,11,4324.8,0.7333333333333333,3.3333333333333335,0,0,0,1,0,1,0,0,0,1,0,0,0,0,0,0,1,0,0,0
41,0,3,3,3,2,2,2,8938,2,0,11,3,3,1,14,5,3,5,4,0,4,7661.142857142857,0.0,2.6666666666666665,0,1,0,1,1,0,0,0,0,1,0,0,0,0,0,0,1,0,0,0
32,0,2,3,4,3,1,1,2439,1,0,14,3,4,0,4,4,3,4,2,1,2,7317.0,0.25,2.6666666666666665,0,1,1,0,0,0,0,0,1,1,0,0,0,0,0,1,0,0,0,1
35,0,26,4,3,3,3,4,8837,1,1,16,3,3,0,9,2,3,9,0,1,7,11782.666666666666,0.1111111111111111,3.3333333333333335,0,1,0,0,1,0,0,0,0,0,1,0,0,0,0,0,0,0,0,1
38,0,10,2,1,3,2,4,5343,1,0,11,3,3,1,10,1,3,10,7,1,9,6411.6,0.1,2.6666666666666665,0,1,0,1,1,0,0,0,0,0,0,0,0,0,0,0,1,0,1,0
50,1,1,4,2,3,2,3,6728,7,0,12,3,4,2,12,3,3,6,3,0,1,6728.0,0.0,2.6666666666666665,1,0,0,1,1,0,0,0,0,1,0,0,0,0,0,0,1,0,0,0
36,0,11,4,2,2,2,4,6652,4,0,13,3,1,1,8,2,2,6,3,0,0,9978.0,0.0,2.6666666666666665,0,1,0,1,0,1,0,0,0,0,0,0,0,0,0,0,1,0,1,0
45,0,20,3,4,3,2,3,4850,8,0,15,3,3,0,8,3,3,5,3,0,1,7275.0,0.0,3.3333333333333335,0,1,0,1,1,0,0,0,0,0,0,0,0,0,0,0,1,0,0,1
40,0,2,4,3,2,1,3,2809,2,0,14,3,4,0,8,2,3,2,2,2,2,4213.5,0.25,3.0,0,1,1,0,1,0,0,0,0,1,0,0,0,0,0,1,0,0,0,1
35,0,18,4,3,3,2,3,5689,1,1,14,3,4,2,10,2,4,10,2,0,2,6826.8,0.0,3.3333333333333335,1,0,1,0,1,0,0,0,0,1,0,0,0,0,0,0,0,0,1,0
40,0,2,4,3,3,1,3,2001,2,0,14,3,2,3,20,2,3,5,3,0,2,1200.6,0.0,3.0,0,1,1,0,0,0,1,0,0,0,0,0,0,0,0,1,0,0,1,0
35,0,1,4,3,1,1,4,2977,1,0,12,3,4,1,4,5,3,4,3,1,1,8931.0,0.25,3.3333333333333335,0,1,1,0,1,0,0,0,0,0,0,0,0,0,0,1,0,0,1,0
29,0,13,2,4,2,2,2,4025,4,1,13,3,1,1,10,2,3,4,3,0,3,4830.0,0.0,3.0,0,1,1,0,0,0,0,1,0,1,0,1,0,0,0,0,0,0,1,0
29,0,28,4,4,2,1,1,3785,1,0,14,3,2,0,5,3,1,5,4,0,4,9084.0,0.0,2.0,0,1,1,0,0,0,1,0,0,0,0,0,0,0,0,1,0,0,0,1
50,1,28,3,4,2,3,1,10854,4,1,13,3,2,1,20,3,3,3,2,2,0,6512.4,0.1,2.6666666666666665,0,1,0,1,0,1,0,0,0,1,0,0,0,0,0,0,1,0,0,0
39,0,24,1,2,2,4,4,12031,0,0,11,3,1,1,21,2,2,20,9,9,6,6874.857142857143,0.42857142857142855,2.6666666666666665,0,1,0,1,0,1,0,0,0,0,0,0,0,0,0,0,1,0,1,0
31,0,5,3,2,3,2,1,9936,0,0,19,3,2,0,10,2,3,9,4,1,7,11923.2,0.1,2.0,0,0,1,0,0,0,1,0,0,1,0,0,0,1,0,0,0,0,0,1
26,0,5,3,4,2,1,3,2966,0,0,18,3,4,0,5,2,3,4,2,0,0,7118.4,0.0,3.3333333333333335,0,1,0,1,0,0,0,1,0,0,0,0,0,0,0,0,0,1,0,1
36,0,23,2,3,4,2,4,2571,4,0,17,3,3,1,17,3,3,5,2,0,3,1814.8235294117646,0.0,3.3333333333333335,1,0,1,0,0,0,1,0,0,1,0,1,0,0,0,0,0,0,1,0
39,0,6,1,4,2,3,1,9991,4,0,15,3,1,1,9,5,3,7,7,1,7,13321.333333333334,0.1111111111111111,2.6666666666666665,0,1,1,0,0,0,1,0,0,1,0,0,0,0,0,0,0,0,1,0
27,0,4,3,2,4,2,2,6142,1,1,20,4,2,1,6,0,3,6,2,0,3,12284.0,0.0,2.3333333333333335,0,1,1,0,1,0,0,0,0,1,0,0,0,1,0,0,0,0,1,0
49,0,2,3,4,2,2,2,5390,2,0,14,3,4,0,17,3,2,9,6,0,8,3804.705882352941,0.0,2.6666666666666665,1,0,0,1,0,0,1,0,0,1,0,0,0,0,0,0,1,0,1,0
34,0,8,3,2,4,2,3,4404,2,0,12,3,1,0,6,3,4,4,3,1,2,8808.0,0.16666666666666666,3.0,0,1,1,0,0,0,1,0,0,1,0,1,0,0,0,0,0,0,1,0
